order_id,customer_id,product_id,order_date,quantity,discount_pct,sales_amount,channel,source_system
O-000001,C-0146,P-150,2025-03-29,4,0.0,39200.0,Partner,sqlmi_etl
O-000002,C-0082,P-110,2025-06-15,4,0.0,19980.0,Direct,sqlmi_etl
O-000003,C-0097,P-120,2025-07-26,5,0.15,53125.0,Web,sqlmi_etl
O-000004,C-0014,P-140,2025-07-25,3,0.0,23400.0,Web,sqlmi_etl
O-000005,C-0038,P-150,2025-11-13,8,0.0,78400.0,Direct,sqlmi_etl
O-000006,C-0012,P-100,2025-04-15,1,0.0,8420.0,Web,sqlmi_etl
O-000007,C-0040,P-150,2025-01-22,2,0.15,16660.0,Direct,sqlmi_etl
O-000008,C-0124,P-150,2026-04-08,5,0.1,44100.0,Web,sqlmi_etl
O-000009,C-0131,P-150,2026-01-04,5,0.0,49000.0,Web,sqlmi_etl
O-000010,C-0070,P-110,2025-10-06,2,0.0,9990.0,Web,sqlmi_etl
O-000011,C-0097,P-110,2026-07-09,8,0.0,39960.0,Partner,sqlmi_etl
O-000012,C-0070,P-140,2025-12-21,5,0.0,39000.0,Partner,sqlmi_etl
O-000013,C-0148,P-150,2026-02-10,6,0.0,58800.0,Partner,sqlmi_etl
O-000014,C-0118,P-140,2025-03-30,3,0.05,22230.0,Partner,sqlmi_etl
O-000015,C-0075,P-110,2025-03-14,5,0.05,23726.25,Web,sqlmi_etl
O-000016,C-0109,P-130,2025-11-17,1,0.1,5580.0,Partner,sqlmi_etl
O-000017,C-0131,P-140,2025-11-11,2,0.1,14040.0,Marketplace,sqlmi_etl
O-000018,C-0073,P-140,2025-05-29,5,0.0,39000.0,Marketplace,sqlmi_etl
O-000019,C-0045,P-150,2026-04-27,6,0.1,52920.0,Web,sqlmi_etl
O-000020,C-0117,P-130,2025-08-20,3,0.0,18600.0,Direct,sqlmi_etl
O-000021,C-0112,P-140,2025-08-14,8,0.0,62400.0,Partner,sqlmi_etl
O-000022,C-0030,P-100,2026-05-11,3,0.1,22734.0,Marketplace,sqlmi_etl
O-000023,C-0107,P-150,2025-03-04,4,0.0,39200.0,Marketplace,sqlmi_etl
O-000024,C-0004,P-150,2026-02-12,2,0.15,16660.0,Web,sqlmi_etl
O-000025,C-0106,P-130,2026-07-03,6,0.05,35340.0,Marketplace,sqlmi_etl
O-000026,C-0014,P-150,2026-05-14,5,0.0,49000.0,Marketplace,sqlmi_etl
O-000027,C-0095,P-140,2025-01-25,7,0.0,54600.0,Direct,sqlmi_etl
O-000028,C-0022,P-120,2025-06-11,1,0.15,10625.0,Marketplace,sqlmi_etl
O-000029,C-0075,P-120,2025-07-03,5,0.15,53125.0,Direct,sqlmi_etl
O-000030,C-0013,P-110,2026-05-04,5,0.0,24975.0,Marketplace,sqlmi_etl
O-000031,C-0134,P-120,2026-06-17,3,0.1,33750.0,Marketplace,sqlmi_etl
O-000032,C-0064,P-140,2026-04-26,2,0.15,13260.0,Partner,sqlmi_etl
O-000033,C-0053,P-120,2025-11-11,2,0.0,25000.0,Direct,sqlmi_etl
O-000034,C-0110,P-150,2025-09-09,3,0.15,24990.0,Direct,sqlmi_etl
O-000035,C-0071,P-140,2025-04-12,5,0.0,39000.0,Direct,sqlmi_etl
O-000036,C-0141,P-120,2026-07-08,8,0.0,100000.0,Partner,sqlmi_etl
O-000037,C-0146,P-130,2025-06-02,3,0.1,16740.0,Direct,sqlmi_etl
O-000038,C-0125,P-150,2025-01-14,4,0.15,33320.0,Direct,sqlmi_etl
O-000039,C-0093,P-140,2025-03-02,4,0.0,31200.0,Partner,sqlmi_etl
O-000040,C-0136,P-130,2026-02-25,7,0.1,39060.0,Marketplace,sqlmi_etl
O-000041,C-0125,P-120,2025-02-11,6,0.0,75000.0,Web,sqlmi_etl
O-000042,C-0014,P-120,2025-09-19,3,0.0,37500.0,Direct,sqlmi_etl
O-000043,C-0090,P-110,2026-05-02,4,0.15,16983.0,Web,sqlmi_etl
O-000044,C-0046,P-150,2026-05-29,6,0.0,58800.0,Direct,sqlmi_etl
O-000045,C-0144,P-150,2025-08-12,1,0.0,9800.0,Direct,sqlmi_etl
O-000046,C-0003,P-140,2026-04-14,1,0.05,7410.0,Web,sqlmi_etl
O-000047,C-0140,P-100,2026-06-11,6,0.1,45468.0,Partner,sqlmi_etl
O-000048,C-0110,P-150,2025-01-05,8,0.0,78400.0,Marketplace,sqlmi_etl
O-000049,C-0011,P-150,2026-03-25,5,0.1,44100.0,Marketplace,sqlmi_etl
O-000050,C-0099,P-140,2026-01-21,1,0.05,7410.0,Partner,sqlmi_etl
O-000051,C-0075,P-140,2025-08-20,3,0.0,23400.0,Marketplace,sqlmi_etl
O-000052,C-0106,P-120,2025-03-27,4,0.05,47500.0,Partner,sqlmi_etl
O-000053,C-0137,P-100,2025-09-10,8,0.1,60624.0,Direct,sqlmi_etl
O-000054,C-0049,P-100,2025-02-13,7,0.0,58940.0,Web,sqlmi_etl
O-000055,C-0064,P-120,2025-04-14,8,0.0,100000.0,Web,sqlmi_etl
O-000056,C-0049,P-140,2025-01-30,4,0.0,31200.0,Direct,sqlmi_etl
O-000057,C-0082,P-150,2025-07-14,4,0.1,35280.0,Partner,sqlmi_etl
O-000058,C-0014,P-130,2025-06-14,7,0.0,43400.0,Partner,sqlmi_etl
O-000059,C-0106,P-140,2025-07-21,7,0.15,46410.0,Web,sqlmi_etl
O-000060,C-0124,P-120,2025-02-16,1,0.0,12500.0,Direct,sqlmi_etl
O-000061,C-0038,P-140,2026-04-29,6,0.15,39780.0,Partner,sqlmi_etl
O-000062,C-0052,P-130,2025-12-27,2,0.0,12400.0,Partner,sqlmi_etl
O-000063,C-0036,P-130,2025-08-24,3,0.05,17670.0,Marketplace,sqlmi_etl
O-000064,C-0019,P-130,2026-03-06,6,0.15,31620.0,Marketplace,sqlmi_etl
O-000065,C-0077,P-140,2025-01-28,3,0.0,23400.0,Web,sqlmi_etl
O-000066,C-0053,P-110,2025-07-02,4,0.0,19980.0,Marketplace,sqlmi_etl
O-000067,C-0016,P-140,2025-02-20,1,0.05,7410.0,Marketplace,sqlmi_etl
O-000068,C-0114,P-110,2026-04-10,1,0.05,4745.25,Partner,sqlmi_etl
O-000069,C-0132,P-130,2025-01-17,6,0.0,37200.0,Direct,sqlmi_etl
O-000070,C-0134,P-140,2026-02-14,6,0.0,46800.0,Partner,sqlmi_etl
O-000071,C-0110,P-150,2026-06-15,1,0.05,9310.0,Partner,sqlmi_etl
O-000072,C-0003,P-150,2026-01-11,4,0.05,37240.0,Partner,sqlmi_etl
O-000073,C-0010,P-130,2026-01-13,6,0.1,33480.0,Partner,sqlmi_etl
O-000074,C-0064,P-120,2025-04-14,3,0.0,37500.0,Direct,sqlmi_etl
O-000075,C-0106,P-100,2025-02-10,8,0.1,60624.0,Marketplace,sqlmi_etl
O-000076,C-0145,P-140,2025-03-26,4,0.0,31200.0,Direct,sqlmi_etl
O-000077,C-0024,P-150,2025-10-17,6,0.15,49980.0,Direct,sqlmi_etl
O-000078,C-0059,P-110,2026-02-09,4,0.0,19980.0,Partner,sqlmi_etl
O-000079,C-0064,P-120,2026-03-24,2,0.0,25000.0,Partner,sqlmi_etl
O-000080,C-0145,P-120,2025-04-23,8,0.0,100000.0,Direct,sqlmi_etl
O-000081,C-0095,P-130,2025-11-07,7,0.15,36890.0,Web,sqlmi_etl
O-000082,C-0028,P-130,2026-05-10,5,0.0,31000.0,Partner,sqlmi_etl
O-000083,C-0032,P-130,2026-06-06,8,0.0,49600.0,Partner,sqlmi_etl
O-000084,C-0126,P-120,2026-01-29,6,0.0,75000.0,Partner,sqlmi_etl
O-000085,C-0075,P-130,2025-04-05,8,0.0,49600.0,Web,sqlmi_etl
O-000086,C-0030,P-150,2025-06-26,7,0.0,68600.0,Direct,sqlmi_etl
O-000087,C-0045,P-150,2025-03-24,2,0.05,18620.0,Marketplace,sqlmi_etl
O-000088,C-0100,P-140,2025-07-08,6,0.0,46800.0,Web,sqlmi_etl
O-000089,C-0122,P-110,2025-09-20,8,0.15,33966.0,Direct,sqlmi_etl
O-000090,C-0109,P-150,2025-06-05,1,0.0,9800.0,Partner,sqlmi_etl
O-000091,C-0091,P-150,2025-03-15,4,0.0,39200.0,Direct,sqlmi_etl
O-000092,C-0095,P-130,2025-07-09,6,0.0,37200.0,Direct,sqlmi_etl
O-000093,C-0069,P-120,2025-12-24,4,0.0,50000.0,Web,sqlmi_etl
O-000094,C-0093,P-150,2025-02-22,8,0.15,66640.0,Web,sqlmi_etl
O-000095,C-0041,P-110,2026-06-14,6,0.15,25474.5,Marketplace,sqlmi_etl
O-000096,C-0101,P-110,2025-10-08,7,0.1,31468.5,Web,sqlmi_etl
O-000097,C-0066,P-110,2026-03-10,5,0.1,22477.5,Marketplace,sqlmi_etl
O-000098,C-0137,P-120,2025-09-24,1,0.0,12500.0,Direct,sqlmi_etl
O-000099,C-0057,P-100,2025-09-24,1,0.0,8420.0,Partner,sqlmi_etl
O-000100,C-0129,P-110,2026-06-11,7,0.1,31468.5,Direct,sqlmi_etl
O-000101,C-0030,P-100,2025-11-07,7,0.0,58940.0,Marketplace,sqlmi_etl
O-000102,C-0129,P-110,2026-05-13,8,0.0,39960.0,Partner,sqlmi_etl
O-000103,C-0118,P-100,2026-07-01,8,0.05,63992.0,Web,sqlmi_etl
O-000104,C-0090,P-100,2025-03-25,8,0.0,67360.0,Marketplace,sqlmi_etl
O-000105,C-0087,P-120,2026-05-14,7,0.0,87500.0,Direct,sqlmi_etl
O-000106,C-0020,P-150,2025-11-26,2,0.1,17640.0,Marketplace,sqlmi_etl
O-000107,C-0106,P-140,2026-05-22,5,0.0,39000.0,Partner,sqlmi_etl
O-000108,C-0094,P-120,2026-02-21,3,0.0,37500.0,Direct,sqlmi_etl
O-000109,C-0031,P-120,2026-06-25,5,0.1,56250.0,Web,sqlmi_etl
O-000110,C-0061,P-140,2025-02-14,1,0.0,7800.0,Partner,sqlmi_etl
O-000111,C-0118,P-150,2026-03-02,8,0.0,78400.0,Web,sqlmi_etl
O-000112,C-0056,P-110,2025-01-10,5,0.15,21228.75,Partner,sqlmi_etl
O-000113,C-0041,P-100,2026-06-18,4,0.15,28628.0,Direct,sqlmi_etl
O-000114,C-0085,P-120,2025-02-09,4,0.15,42500.0,Partner,sqlmi_etl
O-000115,C-0018,P-100,2025-04-03,3,0.05,23997.0,Direct,sqlmi_etl
O-000116,C-0058,P-140,2025-07-22,4,0.05,29640.0,Partner,sqlmi_etl
O-000117,C-0072,P-150,2025-05-23,5,0.05,46550.0,Marketplace,sqlmi_etl
O-000118,C-0014,P-140,2026-04-17,3,0.0,23400.0,Direct,sqlmi_etl
O-000119,C-0029,P-150,2026-04-09,6,0.1,52920.0,Marketplace,sqlmi_etl
O-000120,C-0136,P-120,2026-06-19,5,0.0,62500.0,Web,sqlmi_etl
O-000121,C-0050,P-110,2026-02-26,3,0.15,12737.25,Marketplace,sqlmi_etl
O-000122,C-0098,P-150,2025-05-06,4,0.1,35280.0,Marketplace,sqlmi_etl
O-000123,C-0132,P-140,2026-02-04,5,0.0,39000.0,Direct,sqlmi_etl
O-000124,C-0107,P-110,2026-03-05,4,0.0,19980.0,Web,sqlmi_etl
O-000125,C-0087,P-100,2025-12-25,2,0.0,16840.0,Marketplace,sqlmi_etl
O-000126,C-0125,P-120,2025-06-26,1,0.1,11250.0,Direct,sqlmi_etl
O-000127,C-0083,P-150,2025-08-07,1,0.15,8330.0,Direct,sqlmi_etl
O-000128,C-0085,P-150,2026-05-07,2,0.0,19600.0,Marketplace,sqlmi_etl
O-000129,C-0147,P-140,2025-01-13,3,0.05,22230.0,Marketplace,sqlmi_etl
O-000130,C-0135,P-120,2025-08-10,4,0.05,47500.0,Direct,sqlmi_etl
O-000131,C-0043,P-150,2026-04-05,1,0.15,8330.0,Web,sqlmi_etl
O-000132,C-0096,P-110,2025-10-30,5,0.15,21228.75,Marketplace,sqlmi_etl
O-000133,C-0123,P-100,2025-05-21,8,0.0,67360.0,Marketplace,sqlmi_etl
O-000134,C-0130,P-130,2025-08-01,5,0.0,31000.0,Marketplace,sqlmi_etl
O-000135,C-0044,P-140,2025-12-02,5,0.0,39000.0,Direct,sqlmi_etl
O-000136,C-0087,P-120,2025-09-06,3,0.15,31875.0,Marketplace,sqlmi_etl
O-000137,C-0126,P-100,2025-03-23,8,0.0,67360.0,Web,sqlmi_etl
O-000138,C-0050,P-100,2025-06-27,7,0.15,50099.0,Partner,sqlmi_etl
O-000139,C-0051,P-120,2025-08-08,4,0.1,45000.0,Partner,sqlmi_etl
O-000140,C-0118,P-140,2025-05-28,6,0.1,42120.0,Partner,sqlmi_etl
O-000141,C-0127,P-110,2026-01-29,3,0.1,13486.5,Direct,sqlmi_etl
O-000142,C-0057,P-130,2026-04-18,5,0.0,31000.0,Marketplace,sqlmi_etl
O-000143,C-0008,P-130,2025-05-30,7,0.0,43400.0,Direct,sqlmi_etl
O-000144,C-0092,P-140,2026-05-31,6,0.05,44460.0,Partner,sqlmi_etl
O-000145,C-0066,P-140,2026-06-23,7,0.0,54600.0,Partner,sqlmi_etl
O-000146,C-0088,P-140,2025-04-15,7,0.0,54600.0,Marketplace,sqlmi_etl
O-000147,C-0133,P-130,2026-05-13,2,0.0,12400.0,Web,sqlmi_etl
O-000148,C-0103,P-120,2026-03-31,4,0.0,50000.0,Web,sqlmi_etl
O-000149,C-0097,P-110,2026-04-23,7,0.05,33216.75,Web,sqlmi_etl
O-000150,C-0137,P-110,2025-10-23,4,0.05,18981.0,Web,sqlmi_etl
O-000151,C-0055,P-150,2025-04-10,8,0.05,74480.0,Partner,sqlmi_etl
O-000152,C-0079,P-140,2026-03-05,5,0.0,39000.0,Direct,sqlmi_etl
O-000153,C-0055,P-100,2025-08-29,7,0.0,58940.0,Web,sqlmi_etl
O-000154,C-0062,P-140,2025-07-09,5,0.1,35100.0,Partner,sqlmi_etl
O-000155,C-0082,P-150,2025-06-19,1,0.0,9800.0,Direct,sqlmi_etl
O-000156,C-0052,P-100,2026-01-10,7,0.15,50099.0,Direct,sqlmi_etl
O-000157,C-0025,P-140,2025-07-19,2,0.0,15600.0,Web,sqlmi_etl
O-000158,C-0095,P-100,2025-06-08,1,0.1,7578.0,Partner,sqlmi_etl
O-000159,C-0079,P-110,2026-04-30,7,0.1,31468.5,Direct,sqlmi_etl
O-000160,C-0140,P-130,2026-06-16,6,0.0,37200.0,Marketplace,sqlmi_etl
O-000161,C-0095,P-110,2026-04-30,5,0.05,23726.25,Marketplace,sqlmi_etl
O-000162,C-0147,P-100,2025-07-15,8,0.0,67360.0,Direct,sqlmi_etl
O-000163,C-0092,P-150,2025-11-04,3,0.05,27930.0,Marketplace,sqlmi_etl
O-000164,C-0054,P-120,2025-11-10,1,0.0,12500.0,Web,sqlmi_etl
O-000165,C-0115,P-100,2025-01-30,2,0.15,14314.0,Web,sqlmi_etl
O-000166,C-0033,P-100,2025-12-08,2,0.1,15156.0,Partner,sqlmi_etl
O-000167,C-0135,P-140,2025-06-27,2,0.0,15600.0,Direct,sqlmi_etl
O-000168,C-0126,P-120,2025-07-08,7,0.0,87500.0,Partner,sqlmi_etl
O-000169,C-0129,P-130,2026-01-31,1,0.0,6200.0,Partner,sqlmi_etl
O-000170,C-0032,P-100,2026-05-23,6,0.05,47994.0,Direct,sqlmi_etl
O-000171,C-0147,P-120,2025-06-03,6,0.05,71250.0,Marketplace,sqlmi_etl
O-000172,C-0061,P-120,2026-03-25,7,0.15,74375.0,Partner,sqlmi_etl
O-000173,C-0039,P-150,2026-07-08,1,0.1,8820.0,Marketplace,sqlmi_etl
O-000174,C-0129,P-130,2026-06-01,1,0.05,5890.0,Web,sqlmi_etl
O-000175,C-0002,P-120,2025-01-27,1,0.05,11875.0,Web,sqlmi_etl
O-000176,C-0104,P-100,2025-04-21,2,0.0,16840.0,Partner,sqlmi_etl
O-000177,C-0107,P-100,2025-09-11,7,0.0,58940.0,Partner,sqlmi_etl
O-000178,C-0041,P-100,2026-02-14,3,0.0,25260.0,Web,sqlmi_etl
O-000179,C-0111,P-120,2026-01-25,2,0.15,21250.0,Marketplace,sqlmi_etl
O-000180,C-0087,P-140,2025-10-17,7,0.0,54600.0,Direct,sqlmi_etl
O-000181,C-0112,P-120,2025-02-24,6,0.0,75000.0,Marketplace,sqlmi_etl
O-000182,C-0121,P-100,2025-12-27,6,0.0,50520.0,Marketplace,sqlmi_etl
O-000183,C-0125,P-120,2026-03-15,1,0.1,11250.0,Direct,sqlmi_etl
O-000184,C-0001,P-100,2025-01-15,8,0.15,57256.0,Partner,sqlmi_etl
O-000185,C-0051,P-150,2025-04-09,5,0.05,46550.0,Direct,sqlmi_etl
O-000186,C-0144,P-110,2025-04-26,8,0.0,39960.0,Direct,sqlmi_etl
O-000187,C-0023,P-140,2025-08-08,6,0.0,46800.0,Web,sqlmi_etl
O-000188,C-0066,P-150,2025-06-19,3,0.05,27930.0,Partner,sqlmi_etl
O-000189,C-0126,P-120,2025-07-11,6,0.0,75000.0,Direct,sqlmi_etl
O-000190,C-0011,P-110,2025-08-19,4,0.05,18981.0,Direct,sqlmi_etl
O-000191,C-0113,P-120,2025-02-10,4,0.0,50000.0,Partner,sqlmi_etl
O-000192,C-0052,P-120,2025-05-25,6,0.05,71250.0,Direct,sqlmi_etl
O-000193,C-0013,P-150,2025-06-08,3,0.15,24990.0,Web,sqlmi_etl
O-000194,C-0036,P-100,2026-01-27,1,0.1,7578.0,Partner,sqlmi_etl
O-000195,C-0022,P-140,2025-05-29,4,0.0,31200.0,Web,sqlmi_etl
O-000196,C-0131,P-150,2025-02-19,7,0.0,68600.0,Web,sqlmi_etl
O-000197,C-0144,P-140,2025-07-13,3,0.0,23400.0,Partner,sqlmi_etl
O-000198,C-0063,P-100,2025-12-28,5,0.15,35785.0,Marketplace,sqlmi_etl
O-000199,C-0117,P-110,2025-09-20,2,0.0,9990.0,Marketplace,sqlmi_etl
O-000200,C-0127,P-150,2026-03-24,8,0.15,66640.0,Marketplace,sqlmi_etl
O-000201,C-0017,P-150,2025-07-12,6,0.0,58800.0,Web,sqlmi_etl
O-000202,C-0070,P-100,2025-02-20,7,0.0,58940.0,Web,sqlmi_etl
O-000203,C-0110,P-110,2026-02-13,2,0.0,9990.0,Marketplace,sqlmi_etl
O-000204,C-0038,P-100,2025-05-10,5,0.15,35785.0,Web,sqlmi_etl
O-000205,C-0011,P-150,2025-11-03,5,0.0,49000.0,Partner,sqlmi_etl
O-000206,C-0115,P-130,2026-01-17,1,0.15,5270.0,Web,sqlmi_etl
O-000207,C-0030,P-100,2025-03-04,2,0.0,16840.0,Partner,sqlmi_etl
O-000208,C-0072,P-140,2025-12-19,5,0.0,39000.0,Direct,sqlmi_etl
O-000209,C-0014,P-150,2025-12-22,1,0.15,8330.0,Partner,sqlmi_etl
O-000210,C-0057,P-120,2025-07-04,3,0.0,37500.0,Web,sqlmi_etl
O-000211,C-0129,P-140,2025-01-06,6,0.0,46800.0,Direct,sqlmi_etl
O-000212,C-0040,P-150,2025-03-15,7,0.0,68600.0,Marketplace,sqlmi_etl
O-000213,C-0147,P-110,2026-04-09,8,0.0,39960.0,Web,sqlmi_etl
O-000214,C-0118,P-130,2025-07-12,1,0.0,6200.0,Direct,sqlmi_etl
O-000215,C-0111,P-130,2025-03-28,8,0.0,49600.0,Web,sqlmi_etl
O-000216,C-0024,P-130,2025-12-26,1,0.0,6200.0,Marketplace,sqlmi_etl
O-000217,C-0142,P-130,2025-09-04,4,0.0,24800.0,Direct,sqlmi_etl
O-000218,C-0149,P-130,2025-06-23,4,0.1,22320.0,Partner,sqlmi_etl
O-000219,C-0064,P-110,2026-03-26,8,0.15,33966.0,Web,sqlmi_etl
O-000220,C-0126,P-140,2025-09-21,1,0.0,7800.0,Direct,sqlmi_etl
O-000221,C-0036,P-130,2025-12-25,8,0.15,42160.0,Partner,sqlmi_etl
O-000222,C-0076,P-130,2026-03-10,7,0.05,41230.0,Direct,sqlmi_etl
O-000223,C-0035,P-110,2025-01-15,8,0.0,39960.0,Marketplace,sqlmi_etl
O-000224,C-0045,P-150,2025-04-12,5,0.1,44100.0,Web,sqlmi_etl
O-000225,C-0044,P-140,2025-03-27,3,0.0,23400.0,Marketplace,sqlmi_etl
O-000226,C-0092,P-120,2025-01-29,7,0.15,74375.0,Direct,sqlmi_etl
O-000227,C-0134,P-130,2025-09-06,3,0.15,15810.0,Direct,sqlmi_etl
O-000228,C-0130,P-110,2025-08-21,3,0.05,14235.75,Direct,sqlmi_etl
O-000229,C-0086,P-150,2025-01-25,6,0.0,58800.0,Direct,sqlmi_etl
O-000230,C-0099,P-150,2025-11-28,6,0.0,58800.0,Web,sqlmi_etl
O-000231,C-0053,P-130,2026-07-08,8,0.0,49600.0,Direct,sqlmi_etl
O-000232,C-0068,P-140,2026-02-13,3,0.15,19890.0,Web,sqlmi_etl
O-000233,C-0117,P-120,2025-05-01,3,0.1,33750.0,Partner,sqlmi_etl
O-000234,C-0035,P-130,2026-01-17,6,0.0,37200.0,Marketplace,sqlmi_etl
O-000235,C-0132,P-100,2025-02-24,2,0.1,15156.0,Marketplace,sqlmi_etl
O-000236,C-0033,P-120,2025-06-23,3,0.0,37500.0,Web,sqlmi_etl
O-000237,C-0129,P-120,2025-10-12,1,0.1,11250.0,Direct,sqlmi_etl
O-000238,C-0101,P-110,2025-04-18,5,0.1,22477.5,Partner,sqlmi_etl
O-000239,C-0108,P-110,2025-10-24,5,0.15,21228.75,Partner,sqlmi_etl
O-000240,C-0115,P-150,2025-06-07,2,0.15,16660.0,Direct,sqlmi_etl
O-000241,C-0013,P-100,2025-03-01,2,0.05,15998.0,Partner,sqlmi_etl
O-000242,C-0050,P-120,2025-06-13,2,0.0,25000.0,Direct,sqlmi_etl
O-000243,C-0111,P-150,2025-09-30,1,0.05,9310.0,Web,sqlmi_etl
O-000244,C-0083,P-130,2025-01-05,2,0.15,10540.0,Partner,sqlmi_etl
O-000245,C-0076,P-100,2026-01-18,1,0.0,8420.0,Marketplace,sqlmi_etl
O-000246,C-0113,P-100,2026-07-07,4,0.05,31996.0,Marketplace,sqlmi_etl
O-000247,C-0146,P-110,2025-07-27,6,0.15,25474.5,Partner,sqlmi_etl
O-000248,C-0043,P-140,2026-06-09,5,0.1,35100.0,Web,sqlmi_etl
O-000249,C-0028,P-130,2026-02-03,2,0.0,12400.0,Direct,sqlmi_etl
O-000250,C-0111,P-150,2026-07-10,8,0.05,74480.0,Direct,sqlmi_etl
O-000251,C-0120,P-140,2026-03-29,8,0.0,62400.0,Partner,sqlmi_etl
O-000252,C-0091,P-100,2026-05-28,7,0.0,58940.0,Web,sqlmi_etl
O-000253,C-0145,P-120,2025-03-04,3,0.0,37500.0,Web,sqlmi_etl
O-000254,C-0140,P-130,2025-11-15,3,0.05,17670.0,Partner,sqlmi_etl
O-000255,C-0111,P-140,2025-10-08,8,0.0,62400.0,Partner,sqlmi_etl
O-000256,C-0073,P-150,2025-06-22,3,0.0,29400.0,Web,sqlmi_etl
O-000257,C-0118,P-120,2026-02-22,5,0.05,59375.0,Marketplace,sqlmi_etl
O-000258,C-0105,P-150,2026-02-13,5,0.1,44100.0,Partner,sqlmi_etl
O-000259,C-0050,P-110,2026-02-10,7,0.1,31468.5,Partner,sqlmi_etl
O-000260,C-0003,P-150,2026-03-10,7,0.0,68600.0,Marketplace,sqlmi_etl
O-000261,C-0093,P-120,2025-08-17,5,0.1,56250.0,Direct,sqlmi_etl
O-000262,C-0088,P-140,2025-04-17,8,0.0,62400.0,Marketplace,sqlmi_etl
O-000263,C-0104,P-100,2025-06-04,6,0.0,50520.0,Marketplace,sqlmi_etl
O-000264,C-0079,P-130,2026-04-05,4,0.0,24800.0,Web,sqlmi_etl
O-000265,C-0106,P-120,2026-05-27,1,0.0,12500.0,Web,sqlmi_etl
O-000266,C-0059,P-110,2026-04-21,6,0.0,29970.0,Web,sqlmi_etl
O-000267,C-0130,P-120,2026-03-19,5,0.0,62500.0,Marketplace,sqlmi_etl
O-000268,C-0055,P-130,2025-08-11,6,0.15,31620.0,Partner,sqlmi_etl
O-000269,C-0111,P-100,2025-10-03,4,0.1,30312.0,Marketplace,sqlmi_etl
O-000270,C-0002,P-110,2026-04-13,4,0.15,16983.0,Marketplace,sqlmi_etl
O-000271,C-0103,P-110,2025-11-13,6,0.0,29970.0,Marketplace,sqlmi_etl
O-000272,C-0147,P-150,2025-03-07,5,0.0,49000.0,Direct,sqlmi_etl
O-000273,C-0052,P-110,2025-09-14,6,0.0,29970.0,Marketplace,sqlmi_etl
O-000274,C-0004,P-140,2025-10-15,3,0.15,19890.0,Web,sqlmi_etl
O-000275,C-0054,P-150,2025-10-21,1,0.0,9800.0,Direct,sqlmi_etl
O-000276,C-0148,P-110,2026-01-25,2,0.0,9990.0,Partner,sqlmi_etl
O-000277,C-0126,P-140,2025-01-29,1,0.15,6630.0,Web,sqlmi_etl
O-000278,C-0141,P-110,2026-01-09,2,0.0,9990.0,Direct,sqlmi_etl
O-000279,C-0068,P-150,2025-03-25,1,0.0,9800.0,Web,sqlmi_etl
O-000280,C-0071,P-100,2025-12-12,1,0.1,7578.0,Partner,sqlmi_etl
O-000281,C-0001,P-110,2025-07-17,5,0.0,24975.0,Marketplace,sqlmi_etl
O-000282,C-0031,P-110,2026-01-26,4,0.05,18981.0,Marketplace,sqlmi_etl
O-000283,C-0135,P-120,2025-09-14,3,0.1,33750.0,Direct,sqlmi_etl
O-000284,C-0012,P-120,2025-11-08,8,0.15,85000.0,Direct,sqlmi_etl
O-000285,C-0054,P-150,2025-11-11,4,0.0,39200.0,Partner,sqlmi_etl
O-000286,C-0003,P-110,2025-12-15,6,0.0,29970.0,Marketplace,sqlmi_etl
O-000287,C-0042,P-140,2026-03-27,7,0.0,54600.0,Direct,sqlmi_etl
O-000288,C-0036,P-150,2025-05-19,3,0.1,26460.0,Marketplace,sqlmi_etl
O-000289,C-0030,P-120,2026-03-17,7,0.0,87500.0,Web,sqlmi_etl
O-000290,C-0113,P-130,2026-06-29,5,0.0,31000.0,Marketplace,sqlmi_etl
O-000291,C-0145,P-120,2025-09-04,7,0.05,83125.0,Web,sqlmi_etl
O-000292,C-0135,P-150,2025-09-28,2,0.0,19600.0,Web,sqlmi_etl
O-000293,C-0111,P-100,2025-03-08,5,0.05,39995.0,Direct,sqlmi_etl
O-000294,C-0102,P-110,2025-11-18,5,0.15,21228.75,Partner,sqlmi_etl
O-000295,C-0053,P-100,2025-02-18,8,0.0,67360.0,Marketplace,sqlmi_etl
O-000296,C-0036,P-110,2026-04-09,6,0.0,29970.0,Partner,sqlmi_etl
O-000297,C-0110,P-110,2025-08-06,2,0.15,8491.5,Web,sqlmi_etl
O-000298,C-0052,P-130,2025-09-14,6,0.0,37200.0,Marketplace,sqlmi_etl
O-000299,C-0025,P-120,2025-11-30,8,0.0,100000.0,Marketplace,sqlmi_etl
O-000300,C-0127,P-100,2026-05-02,2,0.1,15156.0,Direct,sqlmi_etl
O-000301,C-0028,P-120,2025-02-21,2,0.0,25000.0,Partner,sqlmi_etl
O-000302,C-0122,P-120,2026-06-21,8,0.0,100000.0,Partner,sqlmi_etl
O-000303,C-0022,P-130,2025-12-23,6,0.05,35340.0,Direct,sqlmi_etl
O-000304,C-0126,P-140,2025-11-24,4,0.15,26520.0,Marketplace,sqlmi_etl
O-000305,C-0102,P-140,2025-05-11,7,0.0,54600.0,Partner,sqlmi_etl
O-000306,C-0115,P-140,2025-11-07,4,0.0,31200.0,Partner,sqlmi_etl
O-000307,C-0051,P-110,2026-02-02,6,0.05,28471.5,Partner,sqlmi_etl
O-000308,C-0048,P-110,2025-04-09,5,0.05,23726.25,Direct,sqlmi_etl
O-000309,C-0014,P-140,2026-01-30,6,0.15,39780.0,Marketplace,sqlmi_etl
O-000310,C-0093,P-120,2026-03-29,4,0.1,45000.0,Marketplace,sqlmi_etl
O-000311,C-0111,P-150,2025-11-29,7,0.15,58310.0,Partner,sqlmi_etl
O-000312,C-0086,P-100,2026-04-13,8,0.1,60624.0,Partner,sqlmi_etl
O-000313,C-0141,P-150,2025-12-01,5,0.05,46550.0,Marketplace,sqlmi_etl
O-000314,C-0015,P-100,2025-06-13,8,0.0,67360.0,Marketplace,sqlmi_etl
O-000315,C-0127,P-140,2026-05-31,2,0.0,15600.0,Direct,sqlmi_etl
O-000316,C-0118,P-110,2025-07-11,7,0.0,34965.0,Web,sqlmi_etl
O-000317,C-0110,P-120,2026-01-01,5,0.1,56250.0,Direct,sqlmi_etl
O-000318,C-0087,P-120,2025-09-15,6,0.0,75000.0,Direct,sqlmi_etl
O-000319,C-0146,P-130,2025-10-15,4,0.0,24800.0,Partner,sqlmi_etl
O-000320,C-0021,P-150,2025-01-13,8,0.0,78400.0,Partner,sqlmi_etl
O-000321,C-0057,P-140,2025-02-18,7,0.0,54600.0,Direct,sqlmi_etl
O-000322,C-0023,P-130,2025-02-23,6,0.0,37200.0,Partner,sqlmi_etl
O-000323,C-0107,P-100,2026-01-03,5,0.1,37890.0,Marketplace,sqlmi_etl
O-000324,C-0082,P-120,2025-05-31,4,0.15,42500.0,Web,sqlmi_etl
O-000325,C-0084,P-140,2025-11-17,5,0.0,39000.0,Partner,sqlmi_etl
O-000326,C-0111,P-130,2025-08-03,6,0.0,37200.0,Direct,sqlmi_etl
O-000327,C-0063,P-140,2025-10-07,3,0.0,23400.0,Partner,sqlmi_etl
O-000328,C-0150,P-150,2026-05-20,3,0.15,24990.0,Direct,sqlmi_etl
O-000329,C-0099,P-130,2026-05-14,3,0.0,18600.0,Marketplace,sqlmi_etl
O-000330,C-0046,P-130,2025-02-04,3,0.05,17670.0,Direct,sqlmi_etl
O-000331,C-0109,P-130,2025-02-09,1,0.0,6200.0,Direct,sqlmi_etl
O-000332,C-0025,P-110,2026-03-26,7,0.0,34965.0,Marketplace,sqlmi_etl
O-000333,C-0116,P-140,2025-03-06,6,0.0,46800.0,Marketplace,sqlmi_etl
O-000334,C-0087,P-110,2025-10-10,3,0.0,14985.0,Direct,sqlmi_etl
O-000335,C-0009,P-100,2025-03-27,5,0.0,42100.0,Marketplace,sqlmi_etl
O-000336,C-0082,P-110,2025-02-16,5,0.0,24975.0,Marketplace,sqlmi_etl
O-000337,C-0050,P-120,2025-06-06,2,0.15,21250.0,Partner,sqlmi_etl
O-000338,C-0090,P-110,2025-08-27,5,0.1,22477.5,Partner,sqlmi_etl
O-000339,C-0019,P-140,2025-11-11,5,0.15,33150.0,Partner,sqlmi_etl
O-000340,C-0109,P-120,2026-03-01,8,0.1,90000.0,Partner,sqlmi_etl
O-000341,C-0144,P-130,2026-07-02,2,0.0,12400.0,Partner,sqlmi_etl
O-000342,C-0038,P-140,2025-10-30,7,0.0,54600.0,Direct,sqlmi_etl
O-000343,C-0008,P-110,2025-05-09,5,0.0,24975.0,Partner,sqlmi_etl
O-000344,C-0124,P-120,2025-09-21,6,0.0,75000.0,Partner,sqlmi_etl
O-000345,C-0099,P-150,2025-04-16,4,0.0,39200.0,Marketplace,sqlmi_etl
O-000346,C-0021,P-100,2026-05-20,8,0.0,67360.0,Marketplace,sqlmi_etl
O-000347,C-0099,P-150,2025-06-06,4,0.0,39200.0,Partner,sqlmi_etl
O-000348,C-0110,P-130,2026-04-12,6,0.0,37200.0,Marketplace,sqlmi_etl
O-000349,C-0131,P-130,2026-05-01,6,0.15,31620.0,Web,sqlmi_etl
O-000350,C-0099,P-100,2025-12-11,1,0.15,7157.0,Marketplace,sqlmi_etl
O-000351,C-0015,P-100,2025-08-24,5,0.0,42100.0,Direct,sqlmi_etl
O-000352,C-0062,P-110,2025-06-02,6,0.0,29970.0,Partner,sqlmi_etl
O-000353,C-0133,P-140,2026-05-05,6,0.05,44460.0,Marketplace,sqlmi_etl
O-000354,C-0087,P-130,2025-02-09,2,0.1,11160.0,Web,sqlmi_etl
O-000355,C-0004,P-100,2025-05-13,8,0.0,67360.0,Web,sqlmi_etl
O-000356,C-0027,P-130,2026-07-05,1,0.1,5580.0,Partner,sqlmi_etl
O-000357,C-0037,P-110,2026-01-03,1,0.0,4995.0,Partner,sqlmi_etl
O-000358,C-0120,P-150,2025-07-09,7,0.05,65170.0,Web,sqlmi_etl
O-000359,C-0072,P-110,2025-11-22,8,0.1,35964.0,Partner,sqlmi_etl
O-000360,C-0028,P-100,2025-12-12,1,0.1,7578.0,Direct,sqlmi_etl
O-000361,C-0015,P-100,2026-04-21,7,0.05,55993.0,Web,sqlmi_etl
O-000362,C-0058,P-110,2025-07-16,4,0.15,16983.0,Marketplace,sqlmi_etl
O-000363,C-0088,P-140,2025-02-11,3,0.0,23400.0,Partner,sqlmi_etl
O-000364,C-0133,P-110,2025-12-07,2,0.05,9490.5,Direct,sqlmi_etl
O-000365,C-0097,P-110,2026-01-16,7,0.15,29720.25,Partner,sqlmi_etl
O-000366,C-0027,P-150,2025-07-10,1,0.1,8820.0,Partner,sqlmi_etl
O-000367,C-0075,P-140,2025-08-14,5,0.0,39000.0,Direct,sqlmi_etl
O-000368,C-0142,P-140,2025-03-15,3,0.15,19890.0,Direct,sqlmi_etl
O-000369,C-0007,P-140,2026-01-08,5,0.0,39000.0,Direct,sqlmi_etl
O-000370,C-0046,P-130,2025-07-13,7,0.15,36890.0,Marketplace,sqlmi_etl
O-000371,C-0081,P-110,2026-03-06,7,0.15,29720.25,Partner,sqlmi_etl
O-000372,C-0024,P-140,2025-09-05,2,0.1,14040.0,Web,sqlmi_etl
O-000373,C-0146,P-140,2025-04-21,8,0.1,56160.0,Web,sqlmi_etl
O-000374,C-0083,P-130,2025-06-07,3,0.05,17670.0,Marketplace,sqlmi_etl
O-000375,C-0100,P-120,2025-05-01,5,0.1,56250.0,Direct,sqlmi_etl
O-000376,C-0034,P-150,2025-11-16,2,0.05,18620.0,Partner,sqlmi_etl
O-000377,C-0144,P-150,2026-07-06,4,0.1,35280.0,Partner,sqlmi_etl
O-000378,C-0053,P-140,2026-03-29,4,0.1,28080.0,Web,sqlmi_etl
O-000379,C-0103,P-120,2026-06-06,6,0.0,75000.0,Web,sqlmi_etl
O-000380,C-0046,P-150,2025-04-25,1,0.0,9800.0,Partner,sqlmi_etl
O-000381,C-0085,P-100,2025-12-28,4,0.0,33680.0,Partner,sqlmi_etl
O-000382,C-0087,P-150,2025-05-07,7,0.0,68600.0,Web,sqlmi_etl
O-000383,C-0070,P-150,2026-03-16,7,0.05,65170.0,Direct,sqlmi_etl
O-000384,C-0013,P-110,2026-05-03,2,0.15,8491.5,Partner,sqlmi_etl
O-000385,C-0054,P-120,2026-03-29,4,0.1,45000.0,Web,sqlmi_etl
O-000386,C-0006,P-150,2025-01-08,8,0.0,78400.0,Marketplace,sqlmi_etl
O-000387,C-0134,P-110,2025-06-18,6,0.0,29970.0,Partner,sqlmi_etl
O-000388,C-0128,P-100,2025-06-02,2,0.15,14314.0,Direct,sqlmi_etl
O-000389,C-0123,P-130,2026-04-23,8,0.1,44640.0,Web,sqlmi_etl
O-000390,C-0010,P-100,2025-02-19,4,0.15,28628.0,Marketplace,sqlmi_etl
O-000391,C-0032,P-130,2025-10-02,1,0.1,5580.0,Marketplace,sqlmi_etl
O-000392,C-0123,P-140,2025-08-06,5,0.0,39000.0,Web,sqlmi_etl
O-000393,C-0107,P-150,2025-01-19,5,0.0,49000.0,Direct,sqlmi_etl
O-000394,C-0121,P-130,2025-02-07,2,0.0,12400.0,Marketplace,sqlmi_etl
O-000395,C-0129,P-120,2025-10-18,8,0.0,100000.0,Direct,sqlmi_etl
O-000396,C-0042,P-120,2026-05-04,1,0.15,10625.0,Direct,sqlmi_etl
O-000397,C-0052,P-130,2026-02-03,2,0.0,12400.0,Marketplace,sqlmi_etl
O-000398,C-0024,P-150,2025-03-27,7,0.0,68600.0,Partner,sqlmi_etl
O-000399,C-0015,P-110,2025-11-05,3,0.0,14985.0,Partner,sqlmi_etl
O-000400,C-0015,P-120,2025-09-07,8,0.0,100000.0,Direct,sqlmi_etl
O-000401,C-0031,P-110,2026-05-16,6,0.0,29970.0,Marketplace,sqlmi_etl
O-000402,C-0098,P-100,2025-06-02,1,0.1,7578.0,Partner,sqlmi_etl
O-000403,C-0099,P-150,2025-08-18,8,0.1,70560.0,Partner,sqlmi_etl
O-000404,C-0130,P-100,2025-02-01,6,0.15,42942.0,Direct,sqlmi_etl
O-000405,C-0040,P-140,2026-05-08,7,0.0,54600.0,Direct,sqlmi_etl
O-000406,C-0126,P-120,2025-12-30,6,0.1,67500.0,Web,sqlmi_etl
O-000407,C-0043,P-100,2025-06-20,2,0.0,16840.0,Direct,sqlmi_etl
O-000408,C-0008,P-130,2025-12-11,2,0.0,12400.0,Direct,sqlmi_etl
O-000409,C-0003,P-110,2026-04-12,4,0.15,16983.0,Direct,sqlmi_etl
O-000410,C-0074,P-140,2026-02-16,6,0.0,46800.0,Web,sqlmi_etl
O-000411,C-0037,P-100,2026-03-19,2,0.05,15998.0,Marketplace,sqlmi_etl
O-000412,C-0077,P-150,2026-04-05,3,0.1,26460.0,Partner,sqlmi_etl
O-000413,C-0150,P-140,2026-07-05,3,0.15,19890.0,Marketplace,sqlmi_etl
O-000414,C-0026,P-130,2025-11-04,2,0.0,12400.0,Partner,sqlmi_etl
O-000415,C-0088,P-150,2026-05-12,5,0.1,44100.0,Partner,sqlmi_etl
O-000416,C-0039,P-140,2026-05-09,4,0.1,28080.0,Direct,sqlmi_etl
O-000417,C-0119,P-110,2026-06-03,8,0.1,35964.0,Partner,sqlmi_etl
O-000418,C-0070,P-140,2025-12-02,2,0.05,14820.0,Direct,sqlmi_etl
O-000419,C-0136,P-100,2026-06-02,7,0.05,55993.0,Direct,sqlmi_etl
O-000420,C-0007,P-150,2026-03-17,8,0.1,70560.0,Web,sqlmi_etl
O-000421,C-0150,P-130,2026-03-19,2,0.15,10540.0,Web,sqlmi_etl
O-000422,C-0092,P-130,2025-06-10,1,0.0,6200.0,Web,sqlmi_etl
O-000423,C-0122,P-120,2026-04-24,2,0.05,23750.0,Marketplace,sqlmi_etl
O-000424,C-0024,P-100,2025-10-03,5,0.0,42100.0,Web,sqlmi_etl
O-000425,C-0094,P-140,2026-04-03,4,0.0,31200.0,Direct,sqlmi_etl
O-000426,C-0081,P-100,2025-07-04,2,0.15,14314.0,Marketplace,sqlmi_etl
O-000427,C-0115,P-140,2025-05-19,6,0.0,46800.0,Web,sqlmi_etl
O-000428,C-0023,P-150,2025-02-24,8,0.0,78400.0,Direct,sqlmi_etl
O-000429,C-0113,P-120,2026-03-29,4,0.1,45000.0,Partner,sqlmi_etl
O-000430,C-0098,P-120,2026-04-08,4,0.0,50000.0,Direct,sqlmi_etl
O-000431,C-0068,P-150,2026-04-26,3,0.15,24990.0,Direct,sqlmi_etl
O-000432,C-0128,P-120,2025-12-27,1,0.0,12500.0,Web,sqlmi_etl
O-000433,C-0074,P-140,2026-02-23,6,0.15,39780.0,Direct,sqlmi_etl
O-000434,C-0096,P-120,2025-09-19,6,0.05,71250.0,Direct,sqlmi_etl
O-000435,C-0005,P-100,2025-01-03,5,0.0,42100.0,Direct,sqlmi_etl
O-000436,C-0013,P-130,2026-03-08,5,0.0,31000.0,Web,sqlmi_etl
O-000437,C-0066,P-120,2025-11-01,6,0.0,75000.0,Marketplace,sqlmi_etl
O-000438,C-0135,P-120,2026-01-05,2,0.0,25000.0,Direct,sqlmi_etl
O-000439,C-0016,P-100,2025-03-22,8,0.0,67360.0,Direct,sqlmi_etl
O-000440,C-0081,P-150,2025-10-24,8,0.1,70560.0,Partner,sqlmi_etl
O-000441,C-0119,P-150,2025-05-30,4,0.0,39200.0,Web,sqlmi_etl
O-000442,C-0001,P-150,2025-11-20,3,0.1,26460.0,Partner,sqlmi_etl
O-000443,C-0116,P-120,2025-11-30,7,0.15,74375.0,Marketplace,sqlmi_etl
O-000444,C-0136,P-110,2026-05-19,3,0.05,14235.75,Web,sqlmi_etl
O-000445,C-0005,P-120,2026-04-11,7,0.05,83125.0,Partner,sqlmi_etl
O-000446,C-0150,P-150,2025-02-17,6,0.0,58800.0,Direct,sqlmi_etl
O-000447,C-0147,P-140,2025-11-02,4,0.05,29640.0,Partner,sqlmi_etl
O-000448,C-0007,P-150,2025-02-16,3,0.0,29400.0,Partner,sqlmi_etl
O-000449,C-0031,P-100,2025-11-10,8,0.15,57256.0,Web,sqlmi_etl
O-000450,C-0092,P-130,2025-04-29,7,0.0,43400.0,Marketplace,sqlmi_etl
O-000451,C-0034,P-140,2025-04-09,8,0.15,53040.0,Partner,sqlmi_etl
O-000452,C-0112,P-130,2026-04-03,6,0.15,31620.0,Partner,sqlmi_etl
O-000453,C-0049,P-120,2025-10-09,7,0.0,87500.0,Partner,sqlmi_etl
O-000454,C-0051,P-140,2025-10-21,2,0.15,13260.0,Marketplace,sqlmi_etl
O-000455,C-0065,P-150,2025-11-04,3,0.0,29400.0,Partner,sqlmi_etl
O-000456,C-0139,P-130,2025-05-27,3,0.0,18600.0,Partner,sqlmi_etl
O-000457,C-0124,P-140,2026-02-07,7,0.0,54600.0,Web,sqlmi_etl
O-000458,C-0097,P-120,2025-07-13,2,0.05,23750.0,Partner,sqlmi_etl
O-000459,C-0100,P-150,2025-09-28,5,0.0,49000.0,Direct,sqlmi_etl
O-000460,C-0034,P-120,2026-03-29,2,0.05,23750.0,Web,sqlmi_etl
O-000461,C-0075,P-130,2025-12-15,4,0.15,21080.0,Direct,sqlmi_etl
O-000462,C-0025,P-100,2026-05-12,7,0.0,58940.0,Partner,sqlmi_etl
O-000463,C-0007,P-150,2025-05-11,2,0.0,19600.0,Partner,sqlmi_etl
O-000464,C-0029,P-130,2025-07-05,4,0.0,24800.0,Direct,sqlmi_etl
O-000465,C-0072,P-100,2026-01-01,7,0.15,50099.0,Web,sqlmi_etl
O-000466,C-0135,P-140,2025-08-15,6,0.15,39780.0,Direct,sqlmi_etl
O-000467,C-0075,P-140,2025-10-10,3,0.0,23400.0,Partner,sqlmi_etl
O-000468,C-0056,P-120,2026-01-20,4,0.15,42500.0,Web,sqlmi_etl
O-000469,C-0127,P-120,2025-04-10,5,0.0,62500.0,Partner,sqlmi_etl
O-000470,C-0054,P-130,2025-11-22,8,0.1,44640.0,Direct,sqlmi_etl
O-000471,C-0082,P-110,2025-06-30,6,0.0,29970.0,Web,sqlmi_etl
O-000472,C-0036,P-100,2026-03-23,7,0.0,58940.0,Partner,sqlmi_etl
O-000473,C-0028,P-130,2025-09-12,5,0.15,26350.0,Marketplace,sqlmi_etl
O-000474,C-0086,P-110,2025-02-22,4,0.0,19980.0,Marketplace,sqlmi_etl
O-000475,C-0056,P-150,2026-01-19,1,0.15,8330.0,Web,sqlmi_etl
O-000476,C-0051,P-130,2025-02-27,2,0.0,12400.0,Partner,sqlmi_etl
O-000477,C-0004,P-140,2025-01-25,5,0.0,39000.0,Web,sqlmi_etl
O-000478,C-0065,P-130,2025-02-26,8,0.0,49600.0,Partner,sqlmi_etl
O-000479,C-0063,P-110,2026-06-19,3,0.05,14235.75,Web,sqlmi_etl
O-000480,C-0110,P-140,2026-03-08,3,0.0,23400.0,Partner,sqlmi_etl
O-000481,C-0021,P-140,2025-04-30,3,0.0,23400.0,Direct,sqlmi_etl
O-000482,C-0056,P-100,2026-06-10,6,0.0,50520.0,Web,sqlmi_etl
O-000483,C-0076,P-100,2026-04-05,1,0.1,7578.0,Direct,sqlmi_etl
O-000484,C-0115,P-140,2025-03-11,2,0.0,15600.0,Direct,sqlmi_etl
O-000485,C-0011,P-100,2026-03-06,5,0.0,42100.0,Direct,sqlmi_etl
O-000486,C-0105,P-120,2026-07-07,2,0.0,25000.0,Marketplace,sqlmi_etl
O-000487,C-0043,P-150,2025-02-20,6,0.0,58800.0,Direct,sqlmi_etl
O-000488,C-0022,P-140,2025-03-22,6,0.0,46800.0,Marketplace,sqlmi_etl
O-000489,C-0130,P-150,2025-06-27,4,0.05,37240.0,Web,sqlmi_etl
O-000490,C-0071,P-100,2025-08-06,6,0.1,45468.0,Marketplace,sqlmi_etl
O-000491,C-0102,P-110,2025-01-27,3,0.1,13486.5,Partner,sqlmi_etl
O-000492,C-0081,P-150,2025-01-20,5,0.0,49000.0,Web,sqlmi_etl
O-000493,C-0098,P-120,2025-06-17,4,0.0,50000.0,Partner,sqlmi_etl
O-000494,C-0086,P-110,2026-01-18,2,0.15,8491.5,Web,sqlmi_etl
O-000495,C-0063,P-140,2025-07-13,1,0.15,6630.0,Direct,sqlmi_etl
O-000496,C-0068,P-120,2025-05-20,5,0.0,62500.0,Partner,sqlmi_etl
O-000497,C-0034,P-100,2025-04-22,8,0.15,57256.0,Marketplace,sqlmi_etl
O-000498,C-0074,P-140,2025-04-04,1,0.15,6630.0,Partner,sqlmi_etl
O-000499,C-0008,P-130,2026-05-24,8,0.0,49600.0,Web,sqlmi_etl
O-000500,C-0069,P-140,2026-03-21,6,0.0,46800.0,Web,sqlmi_etl
O-000501,C-0047,P-150,2026-04-03,6,0.0,58800.0,Marketplace,sqlmi_etl
O-000502,C-0029,P-150,2026-06-13,3,0.05,27930.0,Marketplace,sqlmi_etl
O-000503,C-0141,P-150,2025-04-18,8,0.0,78400.0,Marketplace,sqlmi_etl
O-000504,C-0068,P-100,2025-11-11,1,0.1,7578.0,Direct,sqlmi_etl
O-000505,C-0126,P-120,2025-12-08,2,0.0,25000.0,Marketplace,sqlmi_etl
O-000506,C-0016,P-120,2025-08-02,8,0.05,95000.0,Direct,sqlmi_etl
O-000507,C-0081,P-100,2025-10-09,2,0.0,16840.0,Partner,sqlmi_etl
O-000508,C-0028,P-100,2026-04-06,2,0.05,15998.0,Partner,sqlmi_etl
O-000509,C-0137,P-130,2025-01-01,4,0.0,24800.0,Partner,sqlmi_etl
O-000510,C-0117,P-120,2025-08-04,5,0.05,59375.0,Partner,sqlmi_etl
O-000511,C-0120,P-150,2025-06-29,8,0.1,70560.0,Web,sqlmi_etl
O-000512,C-0141,P-120,2025-12-20,8,0.15,85000.0,Direct,sqlmi_etl
O-000513,C-0087,P-150,2026-03-23,1,0.1,8820.0,Direct,sqlmi_etl
O-000514,C-0094,P-150,2025-12-22,8,0.05,74480.0,Web,sqlmi_etl
O-000515,C-0026,P-140,2026-04-27,6,0.05,44460.0,Direct,sqlmi_etl
O-000516,C-0027,P-150,2025-11-25,6,0.0,58800.0,Partner,sqlmi_etl
O-000517,C-0080,P-100,2026-07-03,3,0.15,21471.0,Direct,sqlmi_etl
O-000518,C-0032,P-150,2025-10-10,4,0.05,37240.0,Web,sqlmi_etl
O-000519,C-0124,P-140,2025-07-31,2,0.05,14820.0,Partner,sqlmi_etl
O-000520,C-0071,P-150,2025-12-12,2,0.1,17640.0,Marketplace,sqlmi_etl
O-000521,C-0058,P-130,2026-05-14,4,0.0,24800.0,Marketplace,sqlmi_etl
O-000522,C-0084,P-120,2025-12-11,5,0.0,62500.0,Partner,sqlmi_etl
O-000523,C-0141,P-130,2025-06-05,5,0.0,31000.0,Partner,sqlmi_etl
O-000524,C-0038,P-150,2025-02-19,8,0.1,70560.0,Direct,sqlmi_etl
O-000525,C-0038,P-100,2025-06-28,8,0.1,60624.0,Direct,sqlmi_etl
O-000526,C-0062,P-150,2026-07-06,1,0.15,8330.0,Web,sqlmi_etl
O-000527,C-0135,P-120,2025-05-06,8,0.0,100000.0,Marketplace,sqlmi_etl
O-000528,C-0073,P-140,2025-01-24,2,0.0,15600.0,Marketplace,sqlmi_etl
O-000529,C-0109,P-140,2026-07-10,5,0.15,33150.0,Marketplace,sqlmi_etl
O-000530,C-0051,P-120,2025-09-27,6,0.0,75000.0,Marketplace,sqlmi_etl
O-000531,C-0018,P-150,2025-07-22,8,0.0,78400.0,Web,sqlmi_etl
O-000532,C-0025,P-120,2026-06-03,8,0.0,100000.0,Marketplace,sqlmi_etl
O-000533,C-0076,P-120,2026-01-29,7,0.0,87500.0,Direct,sqlmi_etl
O-000534,C-0144,P-110,2025-09-19,6,0.1,26973.0,Direct,sqlmi_etl
O-000535,C-0138,P-120,2026-06-27,3,0.15,31875.0,Direct,sqlmi_etl
O-000536,C-0087,P-110,2025-02-05,1,0.0,4995.0,Marketplace,sqlmi_etl
O-000537,C-0137,P-130,2026-02-19,5,0.1,27900.0,Web,sqlmi_etl
O-000538,C-0122,P-150,2025-07-27,3,0.0,29400.0,Partner,sqlmi_etl
O-000539,C-0103,P-150,2025-10-03,3,0.0,29400.0,Marketplace,sqlmi_etl
O-000540,C-0137,P-140,2025-04-30,5,0.0,39000.0,Direct,sqlmi_etl
O-000541,C-0059,P-100,2026-05-02,8,0.15,57256.0,Direct,sqlmi_etl
O-000542,C-0070,P-110,2026-03-14,6,0.0,29970.0,Partner,sqlmi_etl
O-000543,C-0067,P-150,2026-03-13,2,0.1,17640.0,Direct,sqlmi_etl
O-000544,C-0138,P-130,2025-04-26,6,0.0,37200.0,Marketplace,sqlmi_etl
O-000545,C-0127,P-120,2025-09-14,7,0.0,87500.0,Web,sqlmi_etl
O-000546,C-0138,P-140,2025-03-15,5,0.0,39000.0,Marketplace,sqlmi_etl
O-000547,C-0140,P-110,2025-04-19,4,0.15,16983.0,Web,sqlmi_etl
O-000548,C-0033,P-140,2025-01-13,4,0.0,31200.0,Direct,sqlmi_etl
O-000549,C-0136,P-140,2025-08-26,8,0.05,59280.0,Direct,sqlmi_etl
O-000550,C-0091,P-140,2026-04-18,6,0.05,44460.0,Marketplace,sqlmi_etl
O-000551,C-0086,P-140,2025-07-06,1,0.05,7410.0,Web,sqlmi_etl
O-000552,C-0071,P-110,2026-06-25,2,0.1,8991.0,Partner,sqlmi_etl
O-000553,C-0095,P-110,2026-01-22,2,0.15,8491.5,Web,sqlmi_etl
O-000554,C-0145,P-100,2026-04-08,5,0.0,42100.0,Marketplace,sqlmi_etl
O-000555,C-0110,P-150,2026-02-07,7,0.0,68600.0,Direct,sqlmi_etl
O-000556,C-0089,P-120,2025-06-10,4,0.05,47500.0,Direct,sqlmi_etl
O-000557,C-0114,P-120,2025-03-14,3,0.0,37500.0,Partner,sqlmi_etl
O-000558,C-0024,P-140,2026-04-19,8,0.0,62400.0,Marketplace,sqlmi_etl
O-000559,C-0022,P-120,2025-03-19,5,0.0,62500.0,Marketplace,sqlmi_etl
O-000560,C-0006,P-140,2025-04-29,5,0.15,33150.0,Web,sqlmi_etl
O-000561,C-0036,P-140,2025-11-03,8,0.0,62400.0,Direct,sqlmi_etl
O-000562,C-0029,P-130,2026-06-08,5,0.0,31000.0,Direct,sqlmi_etl
O-000563,C-0080,P-100,2026-02-27,1,0.05,7999.0,Partner,sqlmi_etl
O-000564,C-0047,P-120,2025-03-29,3,0.0,37500.0,Direct,sqlmi_etl
O-000565,C-0082,P-130,2025-03-09,5,0.05,29450.0,Partner,sqlmi_etl
O-000566,C-0067,P-100,2026-03-29,8,0.0,67360.0,Partner,sqlmi_etl
O-000567,C-0088,P-120,2026-04-12,7,0.0,87500.0,Web,sqlmi_etl
O-000568,C-0014,P-120,2025-03-16,5,0.0,62500.0,Web,sqlmi_etl
O-000569,C-0101,P-110,2026-05-01,3,0.0,14985.0,Marketplace,sqlmi_etl
O-000570,C-0088,P-140,2025-10-17,5,0.15,33150.0,Direct,sqlmi_etl
O-000571,C-0087,P-130,2026-05-21,8,0.0,49600.0,Direct,sqlmi_etl
O-000572,C-0031,P-150,2026-01-20,3,0.0,29400.0,Marketplace,sqlmi_etl
O-000573,C-0006,P-150,2025-12-16,5,0.05,46550.0,Marketplace,sqlmi_etl
O-000574,C-0105,P-100,2025-03-24,1,0.0,8420.0,Marketplace,sqlmi_etl
O-000575,C-0049,P-140,2026-06-25,3,0.0,23400.0,Marketplace,sqlmi_etl
O-000576,C-0002,P-120,2026-03-22,5,0.0,62500.0,Partner,sqlmi_etl
O-000577,C-0037,P-150,2026-07-08,5,0.0,49000.0,Marketplace,sqlmi_etl
O-000578,C-0039,P-100,2025-12-16,8,0.0,67360.0,Partner,sqlmi_etl
O-000579,C-0008,P-120,2026-02-26,1,0.1,11250.0,Direct,sqlmi_etl
O-000580,C-0030,P-110,2025-11-17,8,0.05,37962.0,Direct,sqlmi_etl
O-000581,C-0114,P-100,2025-02-09,7,0.15,50099.0,Web,sqlmi_etl
O-000582,C-0119,P-100,2026-01-27,1,0.0,8420.0,Direct,sqlmi_etl
O-000583,C-0061,P-120,2025-11-20,1,0.1,11250.0,Web,sqlmi_etl
O-000584,C-0118,P-120,2026-06-25,1,0.0,12500.0,Marketplace,sqlmi_etl
O-000585,C-0070,P-130,2025-07-05,6,0.15,31620.0,Marketplace,sqlmi_etl
O-000586,C-0133,P-100,2025-10-01,6,0.05,47994.0,Direct,sqlmi_etl
O-000587,C-0031,P-130,2026-06-02,6,0.1,33480.0,Direct,sqlmi_etl
O-000588,C-0070,P-100,2025-02-01,3,0.15,21471.0,Direct,sqlmi_etl
O-000589,C-0139,P-110,2026-03-23,1,0.0,4995.0,Marketplace,sqlmi_etl
O-000590,C-0142,P-150,2025-07-22,7,0.0,68600.0,Web,sqlmi_etl
O-000591,C-0013,P-110,2025-03-16,5,0.0,24975.0,Marketplace,sqlmi_etl
O-000592,C-0058,P-120,2025-05-17,7,0.05,83125.0,Partner,sqlmi_etl
O-000593,C-0040,P-120,2025-04-12,1,0.0,12500.0,Web,sqlmi_etl
O-000594,C-0001,P-110,2025-07-09,7,0.0,34965.0,Marketplace,sqlmi_etl
O-000595,C-0057,P-100,2026-03-15,8,0.0,67360.0,Partner,sqlmi_etl
O-000596,C-0140,P-100,2025-01-23,7,0.0,58940.0,Partner,sqlmi_etl
O-000597,C-0042,P-140,2025-08-27,3,0.0,23400.0,Partner,sqlmi_etl
O-000598,C-0132,P-100,2025-06-08,1,0.0,8420.0,Partner,sqlmi_etl
O-000599,C-0011,P-130,2026-02-15,7,0.05,41230.0,Marketplace,sqlmi_etl
O-000600,C-0028,P-130,2025-07-18,5,0.0,31000.0,Marketplace,sqlmi_etl
O-000601,C-0055,P-120,2025-02-26,4,0.1,45000.0,Direct,sqlmi_etl
O-000602,C-0139,P-140,2025-07-18,2,0.0,15600.0,Marketplace,sqlmi_etl
O-000603,C-0111,P-120,2025-05-06,6,0.15,63750.0,Partner,sqlmi_etl
O-000604,C-0057,P-120,2025-08-17,4,0.0,50000.0,Marketplace,sqlmi_etl
O-000605,C-0054,P-140,2026-02-08,8,0.0,62400.0,Marketplace,sqlmi_etl
O-000606,C-0037,P-140,2025-02-09,8,0.1,56160.0,Partner,sqlmi_etl
O-000607,C-0096,P-130,2025-08-10,5,0.05,29450.0,Web,sqlmi_etl
O-000608,C-0135,P-150,2026-03-13,7,0.0,68600.0,Marketplace,sqlmi_etl
O-000609,C-0021,P-120,2025-07-28,2,0.1,22500.0,Partner,sqlmi_etl
O-000610,C-0071,P-150,2025-06-18,3,0.15,24990.0,Partner,sqlmi_etl
O-000611,C-0121,P-150,2026-02-03,7,0.1,61740.0,Direct,sqlmi_etl
O-000612,C-0009,P-110,2025-09-03,3,0.0,14985.0,Direct,sqlmi_etl
O-000613,C-0119,P-120,2025-11-02,5,0.05,59375.0,Partner,sqlmi_etl
O-000614,C-0096,P-140,2026-01-03,3,0.0,23400.0,Partner,sqlmi_etl
O-000615,C-0044,P-110,2025-02-07,2,0.1,8991.0,Direct,sqlmi_etl
O-000616,C-0042,P-110,2025-03-06,1,0.15,4245.75,Web,sqlmi_etl
O-000617,C-0146,P-140,2026-06-06,2,0.0,15600.0,Partner,sqlmi_etl
O-000618,C-0091,P-120,2026-05-23,1,0.0,12500.0,Partner,sqlmi_etl
O-000619,C-0055,P-110,2026-03-20,5,0.15,21228.75,Web,sqlmi_etl
O-000620,C-0021,P-100,2025-04-30,6,0.0,50520.0,Direct,sqlmi_etl
O-000621,C-0135,P-110,2025-07-18,7,0.0,34965.0,Web,sqlmi_etl
O-000622,C-0013,P-120,2026-02-26,4,0.05,47500.0,Partner,sqlmi_etl
O-000623,C-0041,P-100,2026-05-16,6,0.15,42942.0,Web,sqlmi_etl
O-000624,C-0074,P-140,2025-07-05,3,0.15,19890.0,Marketplace,sqlmi_etl
O-000625,C-0021,P-120,2025-01-12,5,0.15,53125.0,Marketplace,sqlmi_etl
O-000626,C-0061,P-100,2026-01-16,8,0.0,67360.0,Web,sqlmi_etl
O-000627,C-0050,P-100,2025-12-15,6,0.0,50520.0,Marketplace,sqlmi_etl
O-000628,C-0070,P-100,2025-04-01,5,0.1,37890.0,Marketplace,sqlmi_etl
O-000629,C-0026,P-120,2026-05-02,6,0.05,71250.0,Web,sqlmi_etl
O-000630,C-0036,P-110,2025-03-15,1,0.0,4995.0,Marketplace,sqlmi_etl
O-000631,C-0052,P-150,2026-06-11,8,0.0,78400.0,Marketplace,sqlmi_etl
O-000632,C-0032,P-120,2025-08-25,3,0.1,33750.0,Direct,sqlmi_etl
O-000633,C-0107,P-150,2025-03-30,5,0.0,49000.0,Partner,sqlmi_etl
O-000634,C-0149,P-130,2026-07-04,7,0.0,43400.0,Direct,sqlmi_etl
O-000635,C-0023,P-110,2025-04-27,6,0.15,25474.5,Web,sqlmi_etl
O-000636,C-0145,P-110,2025-12-19,5,0.15,21228.75,Direct,sqlmi_etl
O-000637,C-0079,P-150,2026-04-07,7,0.0,68600.0,Marketplace,sqlmi_etl
O-000638,C-0111,P-100,2025-12-27,3,0.05,23997.0,Partner,sqlmi_etl
O-000639,C-0116,P-130,2025-09-30,1,0.0,6200.0,Direct,sqlmi_etl
O-000640,C-0033,P-120,2026-04-13,1,0.15,10625.0,Direct,sqlmi_etl
O-000641,C-0046,P-150,2026-04-03,5,0.0,49000.0,Direct,sqlmi_etl
O-000642,C-0008,P-150,2026-03-02,2,0.0,19600.0,Marketplace,sqlmi_etl
O-000643,C-0013,P-110,2026-03-14,5,0.0,24975.0,Web,sqlmi_etl
O-000644,C-0122,P-100,2026-05-29,2,0.05,15998.0,Web,sqlmi_etl
O-000645,C-0055,P-110,2025-09-06,3,0.1,13486.5,Direct,sqlmi_etl
O-000646,C-0043,P-150,2025-12-14,3,0.05,27930.0,Partner,sqlmi_etl
O-000647,C-0040,P-110,2026-06-09,7,0.1,31468.5,Web,sqlmi_etl
O-000648,C-0070,P-150,2025-01-03,7,0.05,65170.0,Web,sqlmi_etl
O-000649,C-0138,P-110,2025-09-25,5,0.0,24975.0,Partner,sqlmi_etl
O-000650,C-0094,P-120,2025-04-23,8,0.0,100000.0,Web,sqlmi_etl
O-000651,C-0107,P-100,2026-01-17,5,0.05,39995.0,Direct,sqlmi_etl
O-000652,C-0101,P-120,2026-06-03,7,0.1,78750.0,Direct,sqlmi_etl
O-000653,C-0093,P-100,2025-01-26,6,0.0,50520.0,Partner,sqlmi_etl
O-000654,C-0090,P-140,2025-01-28,3,0.05,22230.0,Marketplace,sqlmi_etl
O-000655,C-0089,P-140,2026-05-20,2,0.05,14820.0,Marketplace,sqlmi_etl
O-000656,C-0027,P-110,2025-01-01,7,0.0,34965.0,Direct,sqlmi_etl
O-000657,C-0127,P-140,2025-10-21,6,0.1,42120.0,Partner,sqlmi_etl
O-000658,C-0114,P-100,2026-06-13,7,0.0,58940.0,Web,sqlmi_etl
O-000659,C-0107,P-120,2025-05-18,8,0.0,100000.0,Direct,sqlmi_etl
O-000660,C-0049,P-150,2025-11-06,2,0.1,17640.0,Web,sqlmi_etl
O-000661,C-0086,P-150,2026-03-03,8,0.05,74480.0,Direct,sqlmi_etl
O-000662,C-0001,P-150,2025-11-26,1,0.15,8330.0,Direct,sqlmi_etl
O-000663,C-0022,P-150,2025-10-13,6,0.0,58800.0,Marketplace,sqlmi_etl
O-000664,C-0066,P-140,2025-01-26,8,0.0,62400.0,Direct,sqlmi_etl
O-000665,C-0088,P-140,2025-09-27,1,0.05,7410.0,Direct,sqlmi_etl
O-000666,C-0052,P-130,2026-02-22,5,0.0,31000.0,Direct,sqlmi_etl
O-000667,C-0023,P-130,2025-11-27,7,0.15,36890.0,Partner,sqlmi_etl
O-000668,C-0002,P-110,2025-08-11,4,0.0,19980.0,Direct,sqlmi_etl
O-000669,C-0110,P-140,2025-10-20,5,0.0,39000.0,Direct,sqlmi_etl
O-000670,C-0049,P-150,2025-06-23,5,0.0,49000.0,Direct,sqlmi_etl
O-000671,C-0035,P-110,2025-12-22,7,0.0,34965.0,Marketplace,sqlmi_etl
O-000672,C-0149,P-130,2026-06-15,4,0.05,23560.0,Web,sqlmi_etl
O-000673,C-0018,P-100,2025-07-20,1,0.0,8420.0,Marketplace,sqlmi_etl
O-000674,C-0012,P-140,2025-10-11,4,0.0,31200.0,Marketplace,sqlmi_etl
O-000675,C-0075,P-130,2026-04-26,4,0.0,24800.0,Partner,sqlmi_etl
O-000676,C-0012,P-130,2026-06-05,8,0.0,49600.0,Direct,sqlmi_etl
O-000677,C-0009,P-150,2026-03-17,2,0.15,16660.0,Marketplace,sqlmi_etl
O-000678,C-0126,P-130,2025-04-29,2,0.0,12400.0,Web,sqlmi_etl
O-000679,C-0017,P-100,2025-10-23,3,0.05,23997.0,Partner,sqlmi_etl
O-000680,C-0093,P-110,2025-09-10,4,0.0,19980.0,Marketplace,sqlmi_etl
O-000681,C-0011,P-120,2025-08-15,5,0.15,53125.0,Direct,sqlmi_etl
O-000682,C-0018,P-140,2025-12-06,1,0.15,6630.0,Direct,sqlmi_etl
O-000683,C-0131,P-100,2025-09-24,6,0.15,42942.0,Marketplace,sqlmi_etl
O-000684,C-0032,P-110,2025-09-27,3,0.1,13486.5,Direct,sqlmi_etl
O-000685,C-0055,P-100,2025-05-15,7,0.0,58940.0,Partner,sqlmi_etl
O-000686,C-0148,P-150,2026-05-10,6,0.1,52920.0,Web,sqlmi_etl
O-000687,C-0150,P-120,2026-04-03,2,0.0,25000.0,Direct,sqlmi_etl
O-000688,C-0012,P-150,2025-08-14,1,0.15,8330.0,Direct,sqlmi_etl
O-000689,C-0051,P-100,2025-07-10,3,0.0,25260.0,Direct,sqlmi_etl
O-000690,C-0105,P-140,2025-07-05,5,0.05,37050.0,Partner,sqlmi_etl
O-000691,C-0070,P-140,2026-06-05,1,0.05,7410.0,Direct,sqlmi_etl
O-000692,C-0046,P-120,2025-11-18,6,0.05,71250.0,Direct,sqlmi_etl
O-000693,C-0132,P-110,2025-11-14,8,0.0,39960.0,Partner,sqlmi_etl
O-000694,C-0036,P-120,2025-05-01,4,0.15,42500.0,Direct,sqlmi_etl
O-000695,C-0111,P-110,2025-10-13,3,0.05,14235.75,Marketplace,sqlmi_etl
O-000696,C-0004,P-100,2025-10-30,5,0.0,42100.0,Partner,sqlmi_etl
O-000697,C-0116,P-150,2025-02-28,6,0.15,49980.0,Web,sqlmi_etl
O-000698,C-0054,P-120,2026-02-04,1,0.0,12500.0,Marketplace,sqlmi_etl
O-000699,C-0067,P-130,2026-04-27,8,0.0,49600.0,Web,sqlmi_etl
O-000700,C-0017,P-100,2026-02-21,2,0.05,15998.0,Marketplace,sqlmi_etl
O-000701,C-0103,P-100,2025-12-31,6,0.0,50520.0,Direct,sqlmi_etl
O-000702,C-0136,P-120,2026-02-14,4,0.15,42500.0,Marketplace,sqlmi_etl
O-000703,C-0103,P-150,2025-09-23,2,0.0,19600.0,Partner,sqlmi_etl
O-000704,C-0017,P-150,2025-03-28,1,0.0,9800.0,Direct,sqlmi_etl
O-000705,C-0115,P-130,2025-11-28,8,0.0,49600.0,Direct,sqlmi_etl
O-000706,C-0068,P-140,2025-06-06,8,0.15,53040.0,Marketplace,sqlmi_etl
O-000707,C-0035,P-100,2025-05-24,2,0.15,14314.0,Partner,sqlmi_etl
O-000708,C-0108,P-120,2026-03-30,4,0.15,42500.0,Partner,sqlmi_etl
O-000709,C-0037,P-130,2025-02-22,3,0.05,17670.0,Partner,sqlmi_etl
O-000710,C-0130,P-120,2025-06-23,1,0.0,12500.0,Marketplace,sqlmi_etl
O-000711,C-0137,P-150,2025-10-21,8,0.15,66640.0,Partner,sqlmi_etl
O-000712,C-0132,P-130,2025-07-20,1,0.0,6200.0,Partner,sqlmi_etl
O-000713,C-0070,P-140,2025-03-03,1,0.0,7800.0,Partner,sqlmi_etl
O-000714,C-0082,P-100,2026-01-03,8,0.0,67360.0,Marketplace,sqlmi_etl
O-000715,C-0042,P-100,2025-02-05,5,0.15,35785.0,Web,sqlmi_etl
O-000716,C-0080,P-150,2026-05-29,8,0.1,70560.0,Partner,sqlmi_etl
O-000717,C-0116,P-110,2026-04-11,2,0.0,9990.0,Direct,sqlmi_etl
O-000718,C-0075,P-120,2025-08-01,3,0.0,37500.0,Direct,sqlmi_etl
O-000719,C-0038,P-140,2025-08-09,1,0.1,7020.0,Partner,sqlmi_etl
O-000720,C-0050,P-130,2025-04-22,5,0.15,26350.0,Marketplace,sqlmi_etl
O-000721,C-0001,P-110,2025-08-31,7,0.15,29720.25,Direct,sqlmi_etl
O-000722,C-0096,P-150,2026-01-08,1,0.15,8330.0,Marketplace,sqlmi_etl
O-000723,C-0130,P-110,2026-01-26,8,0.05,37962.0,Direct,sqlmi_etl
O-000724,C-0110,P-110,2026-06-29,2,0.0,9990.0,Direct,sqlmi_etl
O-000725,C-0025,P-150,2025-07-12,2,0.15,16660.0,Web,sqlmi_etl
O-000726,C-0091,P-110,2025-01-17,4,0.15,16983.0,Partner,sqlmi_etl
O-000727,C-0135,P-130,2025-06-28,6,0.15,31620.0,Partner,sqlmi_etl
O-000728,C-0047,P-150,2026-04-03,5,0.15,41650.0,Web,sqlmi_etl
O-000729,C-0090,P-140,2025-02-12,2,0.0,15600.0,Marketplace,sqlmi_etl
O-000730,C-0043,P-120,2026-01-30,1,0.0,12500.0,Partner,sqlmi_etl
O-000731,C-0100,P-140,2026-06-25,4,0.0,31200.0,Web,sqlmi_etl
O-000732,C-0120,P-110,2026-01-24,5,0.05,23726.25,Partner,sqlmi_etl
O-000733,C-0146,P-130,2025-03-26,2,0.0,12400.0,Direct,sqlmi_etl
O-000734,C-0069,P-130,2026-02-21,3,0.0,18600.0,Web,sqlmi_etl
O-000735,C-0074,P-110,2025-04-08,6,0.15,25474.5,Marketplace,sqlmi_etl
O-000736,C-0033,P-140,2026-01-05,3,0.1,21060.0,Web,sqlmi_etl
O-000737,C-0067,P-150,2025-03-24,1,0.0,9800.0,Web,sqlmi_etl
O-000738,C-0015,P-100,2026-02-12,8,0.15,57256.0,Web,sqlmi_etl
O-000739,C-0036,P-130,2025-10-11,7,0.05,41230.0,Marketplace,sqlmi_etl
O-000740,C-0105,P-140,2025-06-09,2,0.15,13260.0,Web,sqlmi_etl
O-000741,C-0082,P-140,2025-10-16,2,0.0,15600.0,Web,sqlmi_etl
O-000742,C-0024,P-100,2025-11-19,4,0.0,33680.0,Web,sqlmi_etl
O-000743,C-0139,P-120,2025-03-16,7,0.15,74375.0,Web,sqlmi_etl
O-000744,C-0114,P-150,2025-06-06,6,0.15,49980.0,Web,sqlmi_etl
O-000745,C-0101,P-100,2025-03-31,7,0.0,58940.0,Partner,sqlmi_etl
O-000746,C-0057,P-110,2025-08-26,6,0.0,29970.0,Web,sqlmi_etl
O-000747,C-0088,P-100,2025-10-29,5,0.15,35785.0,Direct,sqlmi_etl
O-000748,C-0023,P-100,2025-03-29,7,0.05,55993.0,Marketplace,sqlmi_etl
O-000749,C-0131,P-150,2025-02-02,7,0.0,68600.0,Marketplace,sqlmi_etl
O-000750,C-0124,P-110,2025-06-02,2,0.05,9490.5,Partner,sqlmi_etl
O-000751,C-0071,P-140,2026-02-05,5,0.0,39000.0,Marketplace,sqlmi_etl
O-000752,C-0074,P-110,2025-10-07,4,0.0,19980.0,Web,sqlmi_etl
O-000753,C-0123,P-130,2026-01-30,8,0.05,47120.0,Direct,sqlmi_etl
O-000754,C-0123,P-140,2025-06-18,8,0.1,56160.0,Direct,sqlmi_etl
O-000755,C-0046,P-130,2025-10-23,8,0.15,42160.0,Web,sqlmi_etl
O-000756,C-0122,P-100,2026-06-28,1,0.1,7578.0,Direct,sqlmi_etl
O-000757,C-0062,P-140,2025-09-06,3,0.05,22230.0,Marketplace,sqlmi_etl
O-000758,C-0033,P-130,2025-02-24,1,0.05,5890.0,Web,sqlmi_etl
O-000759,C-0141,P-110,2026-04-25,7,0.0,34965.0,Web,sqlmi_etl
O-000760,C-0059,P-120,2025-09-27,5,0.0,62500.0,Marketplace,sqlmi_etl
O-000761,C-0057,P-120,2026-02-19,4,0.0,50000.0,Marketplace,sqlmi_etl
O-000762,C-0020,P-140,2025-04-28,2,0.0,15600.0,Marketplace,sqlmi_etl
O-000763,C-0044,P-130,2026-02-12,2,0.15,10540.0,Partner,sqlmi_etl
O-000764,C-0094,P-130,2026-06-06,1,0.0,6200.0,Partner,sqlmi_etl
O-000765,C-0003,P-120,2025-09-03,1,0.15,10625.0,Web,sqlmi_etl
O-000766,C-0026,P-130,2025-01-21,8,0.0,49600.0,Partner,sqlmi_etl
O-000767,C-0099,P-140,2025-08-15,1,0.1,7020.0,Marketplace,sqlmi_etl
O-000768,C-0072,P-100,2025-08-31,4,0.0,33680.0,Direct,sqlmi_etl
O-000769,C-0024,P-120,2025-03-25,5,0.0,62500.0,Web,sqlmi_etl
O-000770,C-0131,P-120,2025-08-05,2,0.15,21250.0,Web,sqlmi_etl
O-000771,C-0082,P-120,2025-12-06,3,0.15,31875.0,Partner,sqlmi_etl
O-000772,C-0139,P-150,2026-02-20,8,0.15,66640.0,Direct,sqlmi_etl
O-000773,C-0112,P-130,2025-03-20,6,0.0,37200.0,Direct,sqlmi_etl
O-000774,C-0029,P-110,2025-10-21,7,0.0,34965.0,Marketplace,sqlmi_etl
O-000775,C-0108,P-100,2026-02-15,1,0.0,8420.0,Direct,sqlmi_etl
O-000776,C-0143,P-120,2026-06-09,2,0.05,23750.0,Direct,sqlmi_etl
O-000777,C-0046,P-150,2025-10-06,4,0.0,39200.0,Partner,sqlmi_etl
O-000778,C-0002,P-120,2025-11-25,2,0.15,21250.0,Marketplace,sqlmi_etl
O-000779,C-0049,P-130,2026-05-12,7,0.1,39060.0,Partner,sqlmi_etl
O-000780,C-0103,P-100,2025-03-11,1,0.05,7999.0,Marketplace,sqlmi_etl
O-000781,C-0001,P-150,2026-06-22,2,0.0,19600.0,Marketplace,sqlmi_etl
O-000782,C-0070,P-100,2026-05-24,2,0.05,15998.0,Direct,sqlmi_etl
O-000783,C-0054,P-120,2026-06-10,8,0.15,85000.0,Web,sqlmi_etl
O-000784,C-0005,P-150,2025-09-02,2,0.0,19600.0,Direct,sqlmi_etl
O-000785,C-0045,P-150,2026-03-22,8,0.0,78400.0,Marketplace,sqlmi_etl
O-000786,C-0141,P-130,2025-12-14,6,0.0,37200.0,Partner,sqlmi_etl
O-000787,C-0123,P-100,2025-04-03,5,0.0,42100.0,Direct,sqlmi_etl
O-000788,C-0139,P-110,2025-04-04,8,0.1,35964.0,Partner,sqlmi_etl
O-000789,C-0044,P-120,2026-02-05,3,0.05,35625.0,Marketplace,sqlmi_etl
O-000790,C-0038,P-110,2025-01-17,2,0.0,9990.0,Marketplace,sqlmi_etl
O-000791,C-0018,P-130,2025-07-28,4,0.05,23560.0,Web,sqlmi_etl
O-000792,C-0041,P-130,2026-06-29,2,0.0,12400.0,Direct,sqlmi_etl
O-000793,C-0134,P-130,2025-11-08,6,0.05,35340.0,Marketplace,sqlmi_etl
O-000794,C-0086,P-140,2025-11-22,7,0.0,54600.0,Partner,sqlmi_etl
O-000795,C-0096,P-130,2025-07-26,7,0.1,39060.0,Marketplace,sqlmi_etl
O-000796,C-0087,P-130,2025-01-15,6,0.0,37200.0,Marketplace,sqlmi_etl
O-000797,C-0058,P-150,2025-09-10,8,0.1,70560.0,Partner,sqlmi_etl
O-000798,C-0086,P-110,2025-10-07,3,0.0,14985.0,Web,sqlmi_etl
O-000799,C-0120,P-150,2026-03-10,8,0.0,78400.0,Direct,sqlmi_etl
O-000800,C-0021,P-140,2025-01-24,8,0.0,62400.0,Direct,sqlmi_etl
O-000801,C-0068,P-140,2026-02-24,2,0.15,13260.0,Direct,sqlmi_etl
O-000802,C-0074,P-130,2025-11-05,5,0.0,31000.0,Direct,sqlmi_etl
O-000803,C-0067,P-110,2025-01-03,8,0.0,39960.0,Web,sqlmi_etl
O-000804,C-0109,P-130,2025-04-16,3,0.15,15810.0,Web,sqlmi_etl
O-000805,C-0088,P-100,2025-08-12,7,0.0,58940.0,Partner,sqlmi_etl
O-000806,C-0138,P-100,2025-05-29,8,0.15,57256.0,Partner,sqlmi_etl
O-000807,C-0135,P-110,2026-06-03,2,0.15,8491.5,Web,sqlmi_etl
O-000808,C-0060,P-110,2026-04-16,5,0.15,21228.75,Marketplace,sqlmi_etl
O-000809,C-0147,P-120,2025-08-21,7,0.05,83125.0,Marketplace,sqlmi_etl
O-000810,C-0030,P-140,2026-04-12,8,0.0,62400.0,Partner,sqlmi_etl
O-000811,C-0004,P-120,2025-08-04,7,0.0,87500.0,Web,sqlmi_etl
O-000812,C-0075,P-150,2026-03-01,2,0.15,16660.0,Marketplace,sqlmi_etl
O-000813,C-0028,P-120,2026-06-11,4,0.0,50000.0,Direct,sqlmi_etl
O-000814,C-0060,P-110,2025-06-09,4,0.15,16983.0,Marketplace,sqlmi_etl
O-000815,C-0080,P-120,2025-01-07,5,0.0,62500.0,Web,sqlmi_etl
O-000816,C-0077,P-130,2025-04-30,7,0.0,43400.0,Direct,sqlmi_etl
O-000817,C-0042,P-110,2025-12-10,1,0.15,4245.75,Web,sqlmi_etl
O-000818,C-0104,P-150,2025-06-03,3,0.1,26460.0,Marketplace,sqlmi_etl
O-000819,C-0077,P-110,2025-06-13,5,0.0,24975.0,Web,sqlmi_etl
O-000820,C-0064,P-100,2026-06-26,8,0.0,67360.0,Partner,sqlmi_etl
O-000821,C-0059,P-130,2025-03-17,6,0.1,33480.0,Partner,sqlmi_etl
O-000822,C-0073,P-140,2026-06-04,6,0.0,46800.0,Partner,sqlmi_etl
O-000823,C-0076,P-110,2025-03-29,3,0.05,14235.75,Direct,sqlmi_etl
O-000824,C-0006,P-100,2025-10-22,5,0.0,42100.0,Direct,sqlmi_etl
O-000825,C-0076,P-110,2025-03-21,6,0.05,28471.5,Marketplace,sqlmi_etl
O-000826,C-0135,P-100,2025-04-25,3,0.0,25260.0,Direct,sqlmi_etl
O-000827,C-0012,P-110,2026-03-30,7,0.1,31468.5,Partner,sqlmi_etl
O-000828,C-0009,P-150,2026-05-03,4,0.1,35280.0,Partner,sqlmi_etl
O-000829,C-0041,P-120,2025-11-16,6,0.05,71250.0,Direct,sqlmi_etl
O-000830,C-0121,P-150,2025-10-25,5,0.1,44100.0,Partner,sqlmi_etl
O-000831,C-0096,P-110,2025-12-24,2,0.05,9490.5,Direct,sqlmi_etl
O-000832,C-0054,P-150,2025-06-05,8,0.0,78400.0,Partner,sqlmi_etl
O-000833,C-0128,P-140,2025-04-16,8,0.0,62400.0,Direct,sqlmi_etl
O-000834,C-0050,P-130,2025-11-27,8,0.15,42160.0,Direct,sqlmi_etl
O-000835,C-0078,P-140,2025-10-13,4,0.0,31200.0,Marketplace,sqlmi_etl
O-000836,C-0027,P-150,2026-02-07,5,0.15,41650.0,Direct,sqlmi_etl
O-000837,C-0100,P-150,2026-06-10,3,0.0,29400.0,Partner,sqlmi_etl
O-000838,C-0072,P-140,2026-05-21,4,0.15,26520.0,Web,sqlmi_etl
O-000839,C-0048,P-130,2026-06-01,8,0.05,47120.0,Partner,sqlmi_etl
O-000840,C-0075,P-130,2026-01-18,3,0.0,18600.0,Direct,sqlmi_etl
O-000841,C-0057,P-100,2025-11-25,5,0.0,42100.0,Web,sqlmi_etl
O-000842,C-0119,P-120,2026-06-03,8,0.15,85000.0,Direct,sqlmi_etl
O-000843,C-0115,P-100,2025-09-18,7,0.0,58940.0,Direct,sqlmi_etl
O-000844,C-0086,P-140,2026-06-11,1,0.15,6630.0,Web,sqlmi_etl
O-000845,C-0018,P-110,2025-05-27,7,0.1,31468.5,Web,sqlmi_etl
O-000846,C-0104,P-150,2026-02-19,5,0.0,49000.0,Direct,sqlmi_etl
O-000847,C-0049,P-100,2025-07-11,2,0.05,15998.0,Marketplace,sqlmi_etl
O-000848,C-0119,P-110,2026-03-13,5,0.0,24975.0,Web,sqlmi_etl
O-000849,C-0067,P-140,2025-08-29,5,0.0,39000.0,Direct,sqlmi_etl
O-000850,C-0046,P-110,2026-01-05,4,0.0,19980.0,Marketplace,sqlmi_etl
O-000851,C-0104,P-100,2025-09-02,7,0.0,58940.0,Direct,sqlmi_etl
O-000852,C-0059,P-150,2026-06-10,7,0.15,58310.0,Partner,sqlmi_etl
O-000853,C-0013,P-150,2026-04-10,2,0.0,19600.0,Marketplace,sqlmi_etl
O-000854,C-0015,P-140,2025-06-28,5,0.0,39000.0,Partner,sqlmi_etl
O-000855,C-0150,P-130,2025-08-11,6,0.15,31620.0,Marketplace,sqlmi_etl
O-000856,C-0102,P-140,2026-04-29,2,0.0,15600.0,Web,sqlmi_etl
O-000857,C-0026,P-140,2025-07-26,5,0.1,35100.0,Web,sqlmi_etl
O-000858,C-0083,P-110,2025-09-25,6,0.05,28471.5,Direct,sqlmi_etl
O-000859,C-0065,P-100,2026-03-18,2,0.05,15998.0,Web,sqlmi_etl
O-000860,C-0129,P-130,2025-04-01,2,0.15,10540.0,Direct,sqlmi_etl
O-000861,C-0035,P-120,2025-08-14,2,0.0,25000.0,Marketplace,sqlmi_etl
O-000862,C-0029,P-150,2026-03-30,5,0.1,44100.0,Partner,sqlmi_etl
O-000863,C-0137,P-130,2025-01-31,1,0.0,6200.0,Partner,sqlmi_etl
O-000864,C-0081,P-100,2026-04-21,4,0.0,33680.0,Marketplace,sqlmi_etl
O-000865,C-0114,P-140,2025-07-01,5,0.0,39000.0,Marketplace,sqlmi_etl
O-000866,C-0085,P-100,2026-05-21,8,0.05,63992.0,Web,sqlmi_etl
O-000867,C-0146,P-120,2025-06-25,1,0.0,12500.0,Direct,sqlmi_etl
O-000868,C-0113,P-130,2025-05-07,8,0.05,47120.0,Partner,sqlmi_etl
O-000869,C-0129,P-120,2025-12-28,6,0.0,75000.0,Partner,sqlmi_etl
O-000870,C-0058,P-110,2025-01-11,2,0.1,8991.0,Marketplace,sqlmi_etl
O-000871,C-0018,P-140,2025-11-21,3,0.0,23400.0,Direct,sqlmi_etl
O-000872,C-0145,P-110,2025-02-03,1,0.0,4995.0,Web,sqlmi_etl
O-000873,C-0024,P-100,2026-07-01,6,0.05,47994.0,Web,sqlmi_etl
O-000874,C-0100,P-130,2026-02-23,5,0.0,31000.0,Direct,sqlmi_etl
O-000875,C-0147,P-100,2025-11-08,5,0.1,37890.0,Marketplace,sqlmi_etl
O-000876,C-0062,P-120,2025-10-10,1,0.0,12500.0,Direct,sqlmi_etl
O-000877,C-0064,P-100,2026-05-21,4,0.15,28628.0,Partner,sqlmi_etl
O-000878,C-0057,P-100,2025-09-12,8,0.15,57256.0,Partner,sqlmi_etl
O-000879,C-0034,P-110,2025-07-07,1,0.0,4995.0,Web,sqlmi_etl
O-000880,C-0148,P-150,2025-08-26,3,0.0,29400.0,Web,sqlmi_etl
O-000881,C-0036,P-130,2025-05-11,1,0.15,5270.0,Partner,sqlmi_etl
O-000882,C-0013,P-100,2025-04-11,6,0.05,47994.0,Web,sqlmi_etl
O-000883,C-0129,P-120,2025-04-13,1,0.15,10625.0,Partner,sqlmi_etl
O-000884,C-0104,P-110,2025-11-21,7,0.1,31468.5,Marketplace,sqlmi_etl
O-000885,C-0044,P-100,2025-06-09,7,0.15,50099.0,Partner,sqlmi_etl
O-000886,C-0129,P-110,2025-07-11,4,0.0,19980.0,Marketplace,sqlmi_etl
O-000887,C-0006,P-140,2026-07-06,8,0.0,62400.0,Partner,sqlmi_etl
O-000888,C-0102,P-130,2025-12-03,7,0.0,43400.0,Web,sqlmi_etl
O-000889,C-0057,P-120,2025-07-29,7,0.05,83125.0,Web,sqlmi_etl
O-000890,C-0063,P-100,2025-04-01,8,0.15,57256.0,Marketplace,sqlmi_etl
O-000891,C-0078,P-150,2025-05-24,6,0.05,55860.0,Partner,sqlmi_etl
O-000892,C-0058,P-130,2026-04-15,3,0.0,18600.0,Partner,sqlmi_etl
O-000893,C-0033,P-110,2026-02-12,4,0.0,19980.0,Web,sqlmi_etl
O-000894,C-0128,P-150,2026-04-24,8,0.0,78400.0,Direct,sqlmi_etl
O-000895,C-0142,P-130,2025-03-15,5,0.15,26350.0,Partner,sqlmi_etl
O-000896,C-0149,P-150,2025-02-09,2,0.0,19600.0,Direct,sqlmi_etl
O-000897,C-0093,P-100,2026-06-02,8,0.05,63992.0,Web,sqlmi_etl
O-000898,C-0038,P-120,2026-07-07,5,0.0,62500.0,Web,sqlmi_etl
O-000899,C-0138,P-150,2025-03-25,3,0.0,29400.0,Direct,sqlmi_etl
O-000900,C-0069,P-100,2025-07-28,6,0.0,50520.0,Partner,sqlmi_etl
O-000901,C-0103,P-120,2025-01-08,6,0.1,67500.0,Marketplace,sqlmi_etl
O-000902,C-0087,P-100,2026-05-03,7,0.0,58940.0,Partner,sqlmi_etl
O-000903,C-0018,P-150,2025-12-04,3,0.15,24990.0,Partner,sqlmi_etl
O-000904,C-0077,P-150,2026-04-13,5,0.05,46550.0,Direct,sqlmi_etl
O-000905,C-0090,P-100,2026-06-06,8,0.0,67360.0,Partner,sqlmi_etl
O-000906,C-0025,P-130,2026-07-03,6,0.15,31620.0,Marketplace,sqlmi_etl
O-000907,C-0134,P-150,2025-02-11,5,0.05,46550.0,Partner,sqlmi_etl
O-000908,C-0030,P-140,2026-02-01,4,0.0,31200.0,Web,sqlmi_etl
O-000909,C-0102,P-130,2025-08-22,2,0.15,10540.0,Marketplace,sqlmi_etl
O-000910,C-0082,P-130,2025-08-21,5,0.0,31000.0,Direct,sqlmi_etl
O-000911,C-0001,P-130,2025-10-09,8,0.0,49600.0,Partner,sqlmi_etl
O-000912,C-0061,P-150,2025-02-09,3,0.0,29400.0,Direct,sqlmi_etl
O-000913,C-0104,P-120,2026-02-19,8,0.0,100000.0,Web,sqlmi_etl
O-000914,C-0131,P-110,2025-10-07,3,0.1,13486.5,Direct,sqlmi_etl
O-000915,C-0120,P-140,2026-03-08,3,0.05,22230.0,Partner,sqlmi_etl
O-000916,C-0016,P-150,2025-12-08,1,0.0,9800.0,Marketplace,sqlmi_etl
O-000917,C-0081,P-110,2025-12-03,6,0.0,29970.0,Direct,sqlmi_etl
O-000918,C-0025,P-100,2026-04-01,7,0.15,50099.0,Web,sqlmi_etl
O-000919,C-0061,P-110,2025-03-08,6,0.05,28471.5,Web,sqlmi_etl
O-000920,C-0124,P-100,2025-04-10,6,0.15,42942.0,Partner,sqlmi_etl
O-000921,C-0030,P-130,2025-01-25,3,0.0,18600.0,Web,sqlmi_etl
O-000922,C-0145,P-140,2025-11-25,2,0.1,14040.0,Marketplace,sqlmi_etl
O-000923,C-0079,P-150,2025-06-19,1,0.05,9310.0,Marketplace,sqlmi_etl
O-000924,C-0149,P-140,2025-07-18,6,0.05,44460.0,Direct,sqlmi_etl
O-000925,C-0118,P-100,2025-01-22,6,0.0,50520.0,Marketplace,sqlmi_etl
O-000926,C-0009,P-130,2026-06-30,7,0.05,41230.0,Marketplace,sqlmi_etl
O-000927,C-0112,P-100,2025-10-22,3,0.0,25260.0,Partner,sqlmi_etl
O-000928,C-0108,P-130,2026-04-03,1,0.0,6200.0,Direct,sqlmi_etl
O-000929,C-0096,P-100,2026-05-28,2,0.05,15998.0,Direct,sqlmi_etl
O-000930,C-0101,P-120,2025-09-14,4,0.0,50000.0,Web,sqlmi_etl
O-000931,C-0118,P-100,2025-05-24,5,0.05,39995.0,Marketplace,sqlmi_etl
O-000932,C-0149,P-130,2025-11-13,3,0.0,18600.0,Web,sqlmi_etl
O-000933,C-0111,P-100,2025-12-29,8,0.0,67360.0,Web,sqlmi_etl
O-000934,C-0147,P-120,2026-03-30,5,0.0,62500.0,Marketplace,sqlmi_etl
O-000935,C-0120,P-130,2025-12-12,4,0.15,21080.0,Direct,sqlmi_etl
O-000936,C-0096,P-130,2025-10-06,1,0.1,5580.0,Web,sqlmi_etl
O-000937,C-0109,P-140,2025-02-10,5,0.15,33150.0,Web,sqlmi_etl
O-000938,C-0027,P-100,2026-03-25,6,0.0,50520.0,Direct,sqlmi_etl
O-000939,C-0006,P-120,2025-05-01,8,0.05,95000.0,Direct,sqlmi_etl
O-000940,C-0143,P-140,2025-02-23,7,0.15,46410.0,Direct,sqlmi_etl
O-000941,C-0043,P-120,2025-01-14,5,0.05,59375.0,Partner,sqlmi_etl
O-000942,C-0142,P-140,2026-04-09,1,0.05,7410.0,Web,sqlmi_etl
O-000943,C-0055,P-100,2026-06-12,2,0.15,14314.0,Direct,sqlmi_etl
O-000944,C-0059,P-110,2025-08-17,5,0.0,24975.0,Direct,sqlmi_etl
O-000945,C-0032,P-130,2025-04-02,6,0.0,37200.0,Direct,sqlmi_etl
O-000946,C-0004,P-140,2026-05-25,6,0.15,39780.0,Web,sqlmi_etl
O-000947,C-0087,P-130,2025-04-27,3,0.15,15810.0,Web,sqlmi_etl
O-000948,C-0147,P-150,2025-06-28,1,0.0,9800.0,Partner,sqlmi_etl
O-000949,C-0082,P-140,2026-02-19,1,0.1,7020.0,Partner,sqlmi_etl
O-000950,C-0062,P-100,2026-05-13,4,0.15,28628.0,Partner,sqlmi_etl
O-000951,C-0144,P-100,2025-08-10,1,0.0,8420.0,Direct,sqlmi_etl
O-000952,C-0071,P-110,2026-06-12,5,0.1,22477.5,Web,sqlmi_etl
O-000953,C-0130,P-140,2025-04-30,1,0.05,7410.0,Direct,sqlmi_etl
O-000954,C-0065,P-120,2025-07-14,3,0.0,37500.0,Web,sqlmi_etl
O-000955,C-0065,P-150,2025-03-26,8,0.0,78400.0,Web,sqlmi_etl
O-000956,C-0089,P-150,2026-06-20,4,0.0,39200.0,Partner,sqlmi_etl
O-000957,C-0056,P-120,2025-12-22,1,0.0,12500.0,Marketplace,sqlmi_etl
O-000958,C-0127,P-150,2025-01-15,6,0.0,58800.0,Direct,sqlmi_etl
O-000959,C-0046,P-100,2025-10-24,1,0.15,7157.0,Direct,sqlmi_etl
O-000960,C-0030,P-140,2026-03-05,6,0.05,44460.0,Web,sqlmi_etl
O-000961,C-0067,P-120,2025-05-27,7,0.05,83125.0,Direct,sqlmi_etl
O-000962,C-0036,P-100,2026-07-03,7,0.0,58940.0,Marketplace,sqlmi_etl
O-000963,C-0016,P-120,2026-02-27,4,0.15,42500.0,Marketplace,sqlmi_etl
O-000964,C-0097,P-110,2026-04-18,8,0.15,33966.0,Partner,sqlmi_etl
O-000965,C-0104,P-100,2025-03-20,2,0.0,16840.0,Web,sqlmi_etl
O-000966,C-0142,P-100,2025-10-28,5,0.15,35785.0,Marketplace,sqlmi_etl
O-000967,C-0012,P-110,2025-01-23,5,0.15,21228.75,Partner,sqlmi_etl
O-000968,C-0060,P-120,2025-04-18,7,0.0,87500.0,Partner,sqlmi_etl
O-000969,C-0099,P-150,2026-01-25,1,0.05,9310.0,Direct,sqlmi_etl
O-000970,C-0072,P-120,2025-07-25,6,0.0,75000.0,Marketplace,sqlmi_etl
O-000971,C-0096,P-140,2026-03-19,4,0.05,29640.0,Partner,sqlmi_etl
O-000972,C-0061,P-120,2026-06-01,8,0.1,90000.0,Direct,sqlmi_etl
O-000973,C-0130,P-100,2025-09-04,7,0.15,50099.0,Direct,sqlmi_etl
O-000974,C-0016,P-130,2025-09-09,8,0.05,47120.0,Web,sqlmi_etl
O-000975,C-0013,P-120,2025-06-17,7,0.1,78750.0,Web,sqlmi_etl
O-000976,C-0052,P-100,2026-07-10,8,0.1,60624.0,Web,sqlmi_etl
O-000977,C-0079,P-150,2026-05-10,1,0.0,9800.0,Marketplace,sqlmi_etl
O-000978,C-0040,P-110,2026-02-10,6,0.05,28471.5,Partner,sqlmi_etl
O-000979,C-0008,P-120,2026-01-10,7,0.15,74375.0,Direct,sqlmi_etl
O-000980,C-0053,P-120,2026-06-13,2,0.05,23750.0,Partner,sqlmi_etl
O-000981,C-0028,P-150,2025-12-15,6,0.0,58800.0,Web,sqlmi_etl
O-000982,C-0099,P-100,2026-01-24,7,0.05,55993.0,Direct,sqlmi_etl
O-000983,C-0070,P-150,2025-09-08,7,0.0,68600.0,Direct,sqlmi_etl
O-000984,C-0074,P-150,2025-04-26,7,0.05,65170.0,Partner,sqlmi_etl
O-000985,C-0084,P-100,2025-10-20,7,0.0,58940.0,Direct,sqlmi_etl
O-000986,C-0129,P-150,2025-02-21,4,0.0,39200.0,Web,sqlmi_etl
O-000987,C-0131,P-140,2025-06-20,7,0.0,54600.0,Direct,sqlmi_etl
O-000988,C-0089,P-100,2025-06-02,8,0.05,63992.0,Marketplace,sqlmi_etl
O-000989,C-0117,P-120,2025-08-18,3,0.1,33750.0,Web,sqlmi_etl
O-000990,C-0117,P-100,2026-05-16,6,0.0,50520.0,Partner,sqlmi_etl
O-000991,C-0016,P-150,2026-01-19,1,0.15,8330.0,Partner,sqlmi_etl
O-000992,C-0005,P-150,2026-01-06,7,0.1,61740.0,Direct,sqlmi_etl
O-000993,C-0137,P-120,2026-03-23,7,0.0,87500.0,Web,sqlmi_etl
O-000994,C-0032,P-120,2026-05-15,3,0.0,37500.0,Partner,sqlmi_etl
O-000995,C-0085,P-140,2026-04-07,4,0.0,31200.0,Partner,sqlmi_etl
O-000996,C-0009,P-150,2025-12-30,1,0.05,9310.0,Marketplace,sqlmi_etl
O-000997,C-0139,P-120,2025-10-19,4,0.1,45000.0,Marketplace,sqlmi_etl
O-000998,C-0010,P-130,2026-05-05,2,0.0,12400.0,Web,sqlmi_etl
O-000999,C-0064,P-110,2026-02-28,2,0.05,9490.5,Partner,sqlmi_etl
O-001000,C-0024,P-100,2026-01-21,1,0.15,7157.0,Partner,sqlmi_etl
O-001001,C-0019,P-140,2025-02-08,4,0.05,29640.0,Marketplace,sqlmi_etl
O-001002,C-0104,P-120,2025-03-06,1,0.0,12500.0,Web,sqlmi_etl
O-001003,C-0075,P-100,2025-12-29,8,0.15,57256.0,Marketplace,sqlmi_etl
O-001004,C-0067,P-130,2025-09-14,6,0.05,35340.0,Web,sqlmi_etl
O-001005,C-0009,P-150,2025-03-24,3,0.0,29400.0,Web,sqlmi_etl
O-001006,C-0063,P-120,2025-01-17,3,0.05,35625.0,Marketplace,sqlmi_etl
O-001007,C-0031,P-150,2026-05-21,5,0.0,49000.0,Partner,sqlmi_etl
O-001008,C-0141,P-150,2026-02-09,3,0.05,27930.0,Web,sqlmi_etl
O-001009,C-0129,P-150,2025-02-03,5,0.15,41650.0,Marketplace,sqlmi_etl
O-001010,C-0011,P-100,2025-05-24,8,0.15,57256.0,Marketplace,sqlmi_etl
O-001011,C-0083,P-140,2025-12-14,3,0.1,21060.0,Direct,sqlmi_etl
O-001012,C-0137,P-140,2026-04-04,8,0.0,62400.0,Direct,sqlmi_etl
O-001013,C-0115,P-120,2025-08-22,3,0.05,35625.0,Web,sqlmi_etl
O-001014,C-0111,P-100,2025-07-06,3,0.0,25260.0,Marketplace,sqlmi_etl
O-001015,C-0055,P-130,2025-05-19,3,0.1,16740.0,Web,sqlmi_etl
O-001016,C-0075,P-110,2026-03-15,7,0.1,31468.5,Partner,sqlmi_etl
O-001017,C-0037,P-140,2025-05-30,8,0.15,53040.0,Marketplace,sqlmi_etl
O-001018,C-0025,P-120,2026-02-20,3,0.1,33750.0,Partner,sqlmi_etl
O-001019,C-0106,P-140,2025-01-18,7,0.0,54600.0,Direct,sqlmi_etl
O-001020,C-0017,P-110,2025-05-20,3,0.0,14985.0,Web,sqlmi_etl
O-001021,C-0117,P-140,2026-05-03,5,0.0,39000.0,Marketplace,sqlmi_etl
O-001022,C-0123,P-140,2025-03-29,7,0.0,54600.0,Partner,sqlmi_etl
O-001023,C-0065,P-100,2025-03-23,3,0.1,22734.0,Marketplace,sqlmi_etl
O-001024,C-0041,P-120,2025-01-27,5,0.15,53125.0,Marketplace,sqlmi_etl
O-001025,C-0056,P-150,2026-05-22,7,0.0,68600.0,Direct,sqlmi_etl
O-001026,C-0020,P-150,2025-10-12,2,0.0,19600.0,Partner,sqlmi_etl
O-001027,C-0064,P-120,2025-04-11,7,0.0,87500.0,Web,sqlmi_etl
O-001028,C-0125,P-120,2026-05-23,7,0.05,83125.0,Web,sqlmi_etl
O-001029,C-0116,P-130,2025-12-22,3,0.0,18600.0,Web,sqlmi_etl
O-001030,C-0005,P-130,2025-10-20,6,0.0,37200.0,Marketplace,sqlmi_etl
O-001031,C-0054,P-140,2026-03-19,8,0.05,59280.0,Web,sqlmi_etl
O-001032,C-0019,P-130,2025-01-10,6,0.0,37200.0,Partner,sqlmi_etl
O-001033,C-0008,P-100,2025-07-25,7,0.0,58940.0,Direct,sqlmi_etl
O-001034,C-0005,P-130,2025-10-15,2,0.05,11780.0,Partner,sqlmi_etl
O-001035,C-0088,P-140,2025-10-09,4,0.0,31200.0,Marketplace,sqlmi_etl
O-001036,C-0039,P-120,2026-02-02,6,0.0,75000.0,Web,sqlmi_etl
O-001037,C-0009,P-120,2025-09-03,6,0.0,75000.0,Partner,sqlmi_etl
O-001038,C-0029,P-140,2026-04-05,1,0.05,7410.0,Partner,sqlmi_etl
O-001039,C-0102,P-110,2026-03-15,8,0.05,37962.0,Marketplace,sqlmi_etl
O-001040,C-0016,P-110,2025-01-06,2,0.0,9990.0,Web,sqlmi_etl
O-001041,C-0042,P-140,2025-12-07,7,0.0,54600.0,Web,sqlmi_etl
O-001042,C-0094,P-140,2026-02-28,2,0.15,13260.0,Direct,sqlmi_etl
O-001043,C-0073,P-140,2025-02-17,3,0.05,22230.0,Partner,sqlmi_etl
O-001044,C-0059,P-120,2025-02-28,5,0.1,56250.0,Marketplace,sqlmi_etl
O-001045,C-0029,P-140,2025-03-05,6,0.15,39780.0,Partner,sqlmi_etl
O-001046,C-0088,P-120,2025-08-28,2,0.0,25000.0,Partner,sqlmi_etl
O-001047,C-0047,P-140,2026-07-03,5,0.15,33150.0,Direct,sqlmi_etl
O-001048,C-0090,P-150,2025-02-23,3,0.0,29400.0,Marketplace,sqlmi_etl
O-001049,C-0031,P-100,2025-06-29,7,0.0,58940.0,Web,sqlmi_etl
O-001050,C-0041,P-140,2025-04-24,2,0.15,13260.0,Partner,sqlmi_etl
O-001051,C-0074,P-150,2025-12-28,3,0.05,27930.0,Direct,sqlmi_etl
O-001052,C-0021,P-110,2025-04-14,1,0.0,4995.0,Partner,sqlmi_etl
O-001053,C-0134,P-100,2025-10-12,4,0.0,33680.0,Direct,sqlmi_etl
O-001054,C-0090,P-150,2025-01-15,2,0.05,18620.0,Direct,sqlmi_etl
O-001055,C-0125,P-100,2025-10-15,1,0.0,8420.0,Marketplace,sqlmi_etl
O-001056,C-0097,P-100,2025-04-03,4,0.0,33680.0,Marketplace,sqlmi_etl
O-001057,C-0019,P-130,2026-06-05,6,0.0,37200.0,Marketplace,sqlmi_etl
O-001058,C-0072,P-110,2025-05-17,5,0.0,24975.0,Direct,sqlmi_etl
O-001059,C-0007,P-120,2026-06-11,4,0.0,50000.0,Marketplace,sqlmi_etl
O-001060,C-0033,P-120,2025-01-26,6,0.0,75000.0,Web,sqlmi_etl
O-001061,C-0013,P-120,2025-03-12,2,0.15,21250.0,Direct,sqlmi_etl
O-001062,C-0114,P-100,2026-01-29,2,0.15,14314.0,Direct,sqlmi_etl
O-001063,C-0149,P-150,2026-02-18,7,0.0,68600.0,Marketplace,sqlmi_etl
O-001064,C-0053,P-140,2026-04-19,6,0.15,39780.0,Direct,sqlmi_etl
O-001065,C-0012,P-150,2026-03-20,3,0.0,29400.0,Marketplace,sqlmi_etl
O-001066,C-0071,P-140,2025-10-14,8,0.0,62400.0,Partner,sqlmi_etl
O-001067,C-0087,P-140,2025-05-13,3,0.05,22230.0,Partner,sqlmi_etl
O-001068,C-0024,P-110,2025-02-06,8,0.15,33966.0,Partner,sqlmi_etl
O-001069,C-0043,P-130,2026-02-23,5,0.05,29450.0,Web,sqlmi_etl
O-001070,C-0011,P-140,2026-03-02,8,0.0,62400.0,Web,sqlmi_etl
O-001071,C-0010,P-120,2026-01-03,5,0.1,56250.0,Partner,sqlmi_etl
O-001072,C-0107,P-140,2026-01-25,2,0.05,14820.0,Marketplace,sqlmi_etl
O-001073,C-0123,P-120,2026-06-22,5,0.1,56250.0,Marketplace,sqlmi_etl
O-001074,C-0012,P-130,2026-02-19,3,0.0,18600.0,Web,sqlmi_etl
O-001075,C-0099,P-150,2025-02-28,8,0.0,78400.0,Direct,sqlmi_etl
O-001076,C-0014,P-140,2025-07-22,5,0.1,35100.0,Partner,sqlmi_etl
O-001077,C-0092,P-130,2026-02-26,5,0.0,31000.0,Partner,sqlmi_etl
O-001078,C-0096,P-120,2025-09-04,2,0.0,25000.0,Direct,sqlmi_etl
O-001079,C-0012,P-150,2025-02-27,5,0.05,46550.0,Direct,sqlmi_etl
O-001080,C-0112,P-140,2026-02-15,8,0.0,62400.0,Partner,sqlmi_etl
O-001081,C-0031,P-140,2026-07-10,1,0.0,7800.0,Marketplace,sqlmi_etl
O-001082,C-0057,P-100,2026-02-08,1,0.05,7999.0,Marketplace,sqlmi_etl
O-001083,C-0077,P-120,2026-03-01,8,0.05,95000.0,Direct,sqlmi_etl
O-001084,C-0050,P-110,2025-04-24,3,0.0,14985.0,Web,sqlmi_etl
O-001085,C-0057,P-150,2026-05-07,8,0.05,74480.0,Marketplace,sqlmi_etl
O-001086,C-0137,P-130,2026-05-05,3,0.05,17670.0,Direct,sqlmi_etl
O-001087,C-0111,P-100,2026-03-10,5,0.05,39995.0,Web,sqlmi_etl
O-001088,C-0119,P-110,2025-03-30,2,0.0,9990.0,Direct,sqlmi_etl
O-001089,C-0028,P-110,2025-01-30,8,0.0,39960.0,Marketplace,sqlmi_etl
O-001090,C-0034,P-100,2025-08-22,5,0.0,42100.0,Marketplace,sqlmi_etl
O-001091,C-0064,P-150,2026-04-15,2,0.0,19600.0,Direct,sqlmi_etl
O-001092,C-0112,P-140,2025-10-27,1,0.0,7800.0,Partner,sqlmi_etl
O-001093,C-0011,P-130,2025-07-15,5,0.0,31000.0,Direct,sqlmi_etl
O-001094,C-0037,P-130,2026-03-13,8,0.1,44640.0,Marketplace,sqlmi_etl
O-001095,C-0127,P-120,2025-08-02,6,0.0,75000.0,Direct,sqlmi_etl
O-001096,C-0057,P-120,2026-01-01,8,0.0,100000.0,Direct,sqlmi_etl
O-001097,C-0001,P-140,2026-01-15,3,0.0,23400.0,Direct,sqlmi_etl
O-001098,C-0026,P-110,2025-07-07,7,0.05,33216.75,Marketplace,sqlmi_etl
O-001099,C-0078,P-100,2026-01-05,1,0.05,7999.0,Partner,sqlmi_etl
O-001100,C-0077,P-130,2025-10-20,2,0.05,11780.0,Direct,sqlmi_etl
O-001101,C-0130,P-140,2025-09-06,2,0.0,15600.0,Web,sqlmi_etl
O-001102,C-0100,P-130,2026-05-20,5,0.0,31000.0,Marketplace,sqlmi_etl
O-001103,C-0055,P-150,2025-04-11,7,0.0,68600.0,Web,sqlmi_etl
O-001104,C-0005,P-110,2025-02-18,1,0.0,4995.0,Partner,sqlmi_etl
O-001105,C-0114,P-150,2025-09-28,8,0.15,66640.0,Web,sqlmi_etl
O-001106,C-0128,P-120,2026-06-15,3,0.05,35625.0,Web,sqlmi_etl
O-001107,C-0051,P-150,2025-08-28,1,0.05,9310.0,Marketplace,sqlmi_etl
O-001108,C-0134,P-140,2025-09-05,2,0.05,14820.0,Marketplace,sqlmi_etl
O-001109,C-0124,P-150,2026-01-26,2,0.0,19600.0,Direct,sqlmi_etl
O-001110,C-0092,P-140,2025-06-27,4,0.0,31200.0,Marketplace,sqlmi_etl
O-001111,C-0035,P-150,2025-03-14,7,0.15,58310.0,Web,sqlmi_etl
O-001112,C-0119,P-140,2025-09-10,8,0.1,56160.0,Marketplace,sqlmi_etl
O-001113,C-0123,P-100,2026-05-02,3,0.1,22734.0,Direct,sqlmi_etl
O-001114,C-0087,P-100,2025-10-18,2,0.0,16840.0,Direct,sqlmi_etl
O-001115,C-0021,P-110,2025-12-09,3,0.0,14985.0,Partner,sqlmi_etl
O-001116,C-0070,P-130,2025-09-15,1,0.05,5890.0,Marketplace,sqlmi_etl
O-001117,C-0142,P-130,2026-01-20,1,0.15,5270.0,Web,sqlmi_etl
O-001118,C-0108,P-100,2025-01-13,8,0.05,63992.0,Marketplace,sqlmi_etl
O-001119,C-0007,P-110,2025-09-30,1,0.0,4995.0,Direct,sqlmi_etl
O-001120,C-0013,P-130,2025-08-14,7,0.05,41230.0,Marketplace,sqlmi_etl
O-001121,C-0129,P-110,2026-03-25,4,0.15,16983.0,Marketplace,sqlmi_etl
O-001122,C-0082,P-130,2025-06-21,7,0.1,39060.0,Marketplace,sqlmi_etl
O-001123,C-0053,P-100,2025-12-22,7,0.1,53046.0,Web,sqlmi_etl
O-001124,C-0008,P-150,2025-11-05,3,0.0,29400.0,Web,sqlmi_etl
O-001125,C-0061,P-120,2025-04-19,6,0.0,75000.0,Web,sqlmi_etl
O-001126,C-0009,P-100,2025-01-24,1,0.05,7999.0,Web,sqlmi_etl
O-001127,C-0008,P-140,2026-05-05,8,0.15,53040.0,Marketplace,sqlmi_etl
O-001128,C-0045,P-100,2025-03-24,3,0.0,25260.0,Partner,sqlmi_etl
O-001129,C-0066,P-120,2026-07-06,5,0.15,53125.0,Marketplace,sqlmi_etl
O-001130,C-0083,P-150,2026-06-23,5,0.0,49000.0,Web,sqlmi_etl
O-001131,C-0144,P-140,2025-03-01,1,0.1,7020.0,Partner,sqlmi_etl
O-001132,C-0035,P-110,2026-02-14,3,0.15,12737.25,Partner,sqlmi_etl
O-001133,C-0055,P-130,2025-09-28,6,0.05,35340.0,Web,sqlmi_etl
O-001134,C-0031,P-120,2025-05-22,2,0.15,21250.0,Marketplace,sqlmi_etl
O-001135,C-0114,P-110,2025-10-28,4,0.0,19980.0,Web,sqlmi_etl
O-001136,C-0008,P-120,2026-02-19,1,0.0,12500.0,Web,sqlmi_etl
O-001137,C-0135,P-150,2025-05-19,5,0.0,49000.0,Direct,sqlmi_etl
O-001138,C-0077,P-110,2026-06-23,2,0.05,9490.5,Marketplace,sqlmi_etl
O-001139,C-0013,P-110,2026-01-07,8,0.0,39960.0,Direct,sqlmi_etl
O-001140,C-0072,P-130,2025-12-03,7,0.1,39060.0,Direct,sqlmi_etl
O-001141,C-0026,P-130,2025-12-30,1,0.1,5580.0,Direct,sqlmi_etl
O-001142,C-0116,P-110,2025-07-30,7,0.0,34965.0,Direct,sqlmi_etl
O-001143,C-0031,P-100,2026-01-21,7,0.1,53046.0,Web,sqlmi_etl
O-001144,C-0033,P-150,2025-03-07,1,0.0,9800.0,Direct,sqlmi_etl
O-001145,C-0001,P-100,2025-04-11,7,0.0,58940.0,Marketplace,sqlmi_etl
O-001146,C-0009,P-150,2026-02-25,5,0.0,49000.0,Web,sqlmi_etl
O-001147,C-0029,P-120,2026-06-24,5,0.1,56250.0,Partner,sqlmi_etl
O-001148,C-0123,P-110,2025-02-22,5,0.0,24975.0,Marketplace,sqlmi_etl
O-001149,C-0082,P-110,2025-02-16,4,0.0,19980.0,Direct,sqlmi_etl
O-001150,C-0027,P-150,2026-05-23,4,0.15,33320.0,Web,sqlmi_etl
O-001151,C-0087,P-110,2026-01-13,7,0.15,29720.25,Direct,sqlmi_etl
O-001152,C-0057,P-120,2026-01-17,4,0.0,50000.0,Partner,sqlmi_etl
O-001153,C-0136,P-120,2025-12-19,3,0.15,31875.0,Direct,sqlmi_etl
O-001154,C-0101,P-140,2025-07-22,8,0.0,62400.0,Partner,sqlmi_etl
O-001155,C-0027,P-140,2025-05-11,5,0.0,39000.0,Marketplace,sqlmi_etl
O-001156,C-0005,P-120,2025-11-16,3,0.1,33750.0,Direct,sqlmi_etl
O-001157,C-0143,P-100,2025-07-08,2,0.0,16840.0,Web,sqlmi_etl
O-001158,C-0047,P-140,2026-06-02,4,0.05,29640.0,Direct,sqlmi_etl
O-001159,C-0039,P-130,2025-01-23,3,0.0,18600.0,Direct,sqlmi_etl
O-001160,C-0042,P-100,2026-05-31,1,0.0,8420.0,Web,sqlmi_etl
O-001161,C-0109,P-100,2025-10-16,6,0.05,47994.0,Marketplace,sqlmi_etl
O-001162,C-0033,P-100,2026-05-06,2,0.0,16840.0,Direct,sqlmi_etl
O-001163,C-0052,P-150,2026-04-13,3,0.0,29400.0,Direct,sqlmi_etl
O-001164,C-0068,P-150,2026-04-02,8,0.1,70560.0,Marketplace,sqlmi_etl
O-001165,C-0073,P-150,2025-02-03,2,0.05,18620.0,Marketplace,sqlmi_etl
O-001166,C-0119,P-130,2025-08-22,3,0.0,18600.0,Marketplace,sqlmi_etl
O-001167,C-0016,P-130,2025-03-02,5,0.1,27900.0,Marketplace,sqlmi_etl
O-001168,C-0052,P-100,2025-03-02,8,0.05,63992.0,Web,sqlmi_etl
O-001169,C-0061,P-140,2026-04-01,7,0.05,51870.0,Web,sqlmi_etl
O-001170,C-0035,P-100,2025-10-07,7,0.0,58940.0,Partner,sqlmi_etl
O-001171,C-0044,P-100,2025-06-06,7,0.15,50099.0,Web,sqlmi_etl
O-001172,C-0035,P-110,2025-09-04,1,0.15,4245.75,Partner,sqlmi_etl
O-001173,C-0054,P-130,2025-09-03,2,0.15,10540.0,Web,sqlmi_etl
O-001174,C-0114,P-130,2025-10-16,3,0.1,16740.0,Direct,sqlmi_etl
O-001175,C-0047,P-100,2025-09-03,3,0.0,25260.0,Marketplace,sqlmi_etl
O-001176,C-0109,P-130,2025-06-04,3,0.1,16740.0,Web,sqlmi_etl
O-001177,C-0122,P-110,2025-07-17,8,0.1,35964.0,Partner,sqlmi_etl
O-001178,C-0094,P-100,2025-03-11,1,0.0,8420.0,Marketplace,sqlmi_etl
O-001179,C-0041,P-120,2025-09-11,5,0.0,62500.0,Web,sqlmi_etl
O-001180,C-0008,P-130,2026-05-08,8,0.05,47120.0,Partner,sqlmi_etl
O-001181,C-0015,P-120,2025-04-08,2,0.1,22500.0,Web,sqlmi_etl
O-001182,C-0038,P-110,2026-02-23,4,0.1,17982.0,Marketplace,sqlmi_etl
O-001183,C-0129,P-150,2026-06-11,2,0.15,16660.0,Marketplace,sqlmi_etl
O-001184,C-0011,P-150,2026-02-05,5,0.0,49000.0,Marketplace,sqlmi_etl
O-001185,C-0075,P-140,2026-03-10,5,0.0,39000.0,Partner,sqlmi_etl
O-001186,C-0095,P-130,2025-05-17,3,0.1,16740.0,Marketplace,sqlmi_etl
O-001187,C-0114,P-130,2025-05-20,1,0.05,5890.0,Web,sqlmi_etl
O-001188,C-0067,P-120,2026-06-21,2,0.1,22500.0,Marketplace,sqlmi_etl
O-001189,C-0024,P-120,2025-03-26,6,0.0,75000.0,Web,sqlmi_etl
O-001190,C-0055,P-120,2025-06-27,3,0.0,37500.0,Partner,sqlmi_etl
O-001191,C-0068,P-100,2025-02-12,1,0.0,8420.0,Partner,sqlmi_etl
O-001192,C-0001,P-110,2025-05-15,6,0.0,29970.0,Partner,sqlmi_etl
O-001193,C-0023,P-100,2026-01-29,8,0.1,60624.0,Marketplace,sqlmi_etl
O-001194,C-0011,P-100,2025-08-23,1,0.0,8420.0,Direct,sqlmi_etl
O-001195,C-0150,P-150,2026-03-23,2,0.1,17640.0,Direct,sqlmi_etl
O-001196,C-0072,P-150,2025-07-02,3,0.1,26460.0,Direct,sqlmi_etl
O-001197,C-0066,P-130,2025-10-24,4,0.15,21080.0,Marketplace,sqlmi_etl
O-001198,C-0056,P-140,2025-07-17,2,0.0,15600.0,Partner,sqlmi_etl
O-001199,C-0037,P-130,2025-06-22,2,0.0,12400.0,Partner,sqlmi_etl
O-001200,C-0085,P-120,2025-07-13,1,0.15,10625.0,Web,sqlmi_etl
